{
  "RoleActionItem": [
    {
      "ActionName": "ViewSubscription",
      "Roles": [
        "Owner",
        "Contributor",
        "ServiceAdministrator",
        "CoAdministrator",
        "AccountAdministrator",
        "ServiceAdministrator;AccountAdministrator",
        "CoAdministrator;AccountAdministrator",
        "AccountAdministrator;ServiceAdministrator",
        "Security Reader",
        "Security Admin"
      ]
    },
    {
      "ActionName": "ViewSubscriptionUsingServiceTree",
      "Roles": [
        "Admins",
        "DevOwner",
        "PMOwner"
      ]
    },
    {
      "ActionName": "RGLevelAccess",
      "Roles": [
        "Owner",
        "Contributor",
        "Security Reader",
        "Security Admin"
      ]
    }
  ],
  "AdminActionItem": [
    {
      "ActionName": "ImpersonateUser",
      "AdminUserIds": []
    }
  ],
  "ControlActionItem": [
    {
      "ActionName": "EditorUser",
      "ReaderIds": [],
      "EditorIds": [],
      "PrivilegedEditorIds": [],
      "ReaderSecurityGroups": [],
      "EditorSecurityGroups": [],
      "PrivilegedSecurityGroups": []
    }
  ],
  "ComplianceInitiativeActionItem": [
    {
      "ActionName": "EditorUser",
      "PrivilegedEditorIds": []
    }
  ],
  "PrivilegedSubscriptionActionAPIsActionItem": [
    {
      "ActionName": "PrivilegedSubscriptionActionAPIsUser",
      "PrivilegedSubscriptionActionAPIsIds": []
    }
  ],
  "ExtendedAPIsActionItem": [
    {
      "ActionName": "ExtendedAPIsUser",
      "ExtendedAPIsReaderIds": []
    }
  ],
  "TenantOnboardingActionItem": [
    {
      "ActionName": "TenantOnboardingUser",
      "TenantOnboardingAdminIds": []
    }
  ]
}
