<?xml version="1.0"?>
<doc>
    <assembly>
        <name>Scanner.API.External</name>
    </assembly>
    <members>
        <member name="T:Microsoft.AzSK.ATS.WebAPI.Controllers.ComplianceInitiativeMappingController">
            <summary>
            Compliance initiative API controller.
            </summary>
        </member>
        <member name="M:Microsoft.AzSK.ATS.WebAPI.Controllers.ComplianceInitiativeMappingController.#ctor(Scanner.API.Services.ComplianceInitiativeTool.IComplianceInitiativeService,Microsoft.Extensions.Logging.ILogger{Microsoft.AzSK.ATS.WebAPI.Controllers.ComplianceInitiativeMappingController},Microsoft.AzSK.ATS.WebAPI.Services.IMultiTenantService,Microsoft.AzSK.ATS.WebAPI.Utility.UserInformation)">
            <summary>
            Initializes a new instance of the <see cref="T:Microsoft.AzSK.ATS.WebAPI.Controllers.ComplianceInitiativeMappingController"/> class.
            </summary>
            <param name="complianceInitiativeService"></param>
            <param name="logger"></param>
            <param name="userInformation"></param>
        </member>
        <member name="M:Microsoft.AzSK.ATS.WebAPI.Controllers.ComplianceInitiativeMappingController.GetControlTags">
            <summary>
            API to get all control tags.
            </summary>
            <returns>Response with the status of GetControlTags action.</returns>
        </member>
        <member name="M:Microsoft.AzSK.ATS.WebAPI.Controllers.ComplianceInitiativeMappingController.GetStatus">
            <summary>
            API to check for authorization.
            </summary>
            <returns>Response with the status of GetStatus action</returns>
        </member>
        <member name="M:Microsoft.AzSK.ATS.WebAPI.Controllers.ComplianceInitiativeMappingController.DeleteComplianceInitiativeAsync(Microsoft.AzSK.ATS.WebAPI.Models.ComplianceInitiativeTool.BaseComplianceInitiative,System.Threading.CancellationToken)">
            <summary>
            API to delete Compliance initiative.
            </summary>
            <param name="complianceInitiative"></param>
            <returns>Response with the status of Delete compliance initiative action.</returns>
        </member>
        <member name="M:Microsoft.AzSK.ATS.WebAPI.Controllers.ComplianceInitiativeMappingController.GetComplianceInitiativesAsync(System.Threading.CancellationToken)">
            <summary>
            API to get all compliance initiatives.
            </summary>
            <returns>Response with the list of all compliance initiative.</returns>
        </member>
        <member name="M:Microsoft.AzSK.ATS.WebAPI.Controllers.ComplianceInitiativeMappingController.CreateComplianceInitiativeAsync(Microsoft.AzSK.ATS.WebAPI.Models.ComplianceInitiativeTool.ComplianceInitiativeMetadata,System.Threading.CancellationToken)">
            <summary>
            API to create compliance initiative.
            </summary>
            <param name="complianceInitiativeMetadata"></param>
            <returns>Response with the status of Create compliance initative.</returns>
        </member>
        <member name="M:Microsoft.AzSK.ATS.WebAPI.Controllers.ComplianceInitiativeMappingController.UpdateComplianceInitiativeAsync(Microsoft.AzSK.ATS.WebAPI.Models.ComplianceInitiativeTool.ComplianceInitiativeMetadata,System.Threading.CancellationToken)">
            <summary>
            API to update the compliance initiative.
            </summary>
            <param name="complianceInitiativeMetadata"></param>
            <returns>Response with the status of Update compliance initiative action.</returns>
        </member>
        <member name="M:Microsoft.AzSK.ATS.WebAPI.Controllers.ComplianceInitiativeMappingController.CreateLogs(System.Collections.Generic.Queue{Microsoft.AzSK.ATS.WebAPI.Models.UpdateLog})">
            <summary>
            API to create logs.
            </summary>
            <param name="logs"></param>
            <returns>Response with the status of create logs action</returns>
        </member>
        <member name="M:Microsoft.AzSK.ATS.WebAPI.Controllers.ComplianceInitiativeMappingController.FetchLogs">
            <summary>
            APPI to fetch logs.
            </summary>
            <returns>Response with the status of GetControlTags action</returns>
        </member>
        <member name="T:Microsoft.AzSK.ATS.WebAPI.Controllers.ExtendedAPIsController">
            <summary>
            Controller for Extended APIs.
            </summary>
        </member>
        <member name="M:Microsoft.AzSK.ATS.WebAPI.Controllers.ExtendedAPIsController.#ctor(Microsoft.AzSK.ATS.WebAPI.Services.IExtendedAPIsService)">
            <summary>
            Initializes a new instance of the <see cref="T:Microsoft.AzSK.ATS.WebAPI.Controllers.ExtendedAPIsController"/> class.
            </summary>
            <param name="service">Extended APIs service.</param>
        </member>
        <member name="M:Microsoft.AzSK.ATS.WebAPI.Controllers.ExtendedAPIsController.GetSubscriptions(System.String,System.Int32,System.Int32,System.String)">
            <summary>
            Gets subscriptions that a particular user has access to view AzTS compliance summary information.
            </summary>
            <param name="subscriptionId">Optional parameter to check if user has access to view AzTS compliance summary information for a particular subscription by providing the subscription id.</param>
            <param name="pageNumber">Optional parameter to set current page number.</param>
            <param name="pageSize">Optional parameter to set page size of the request.</param>
            <param name="complianceInitiativeId">Optional parameter to set the compliance initiative id.</param>
            <returns>A list of subscriptions that a particular user has access to view AzTS compliance summary information.</returns>
            <response code="200">If successful, a list of subscriptions that a particular user has access to view AzTS compliance summary information.</response>
            <response code="400">If the JWT bearer token is malformed. A bad request will also be thrown if the page size is greater than the maximum allowed page size.</response>
            <response code="403">If the app calling this API is forbidden to access this API.</response>
            <response code="500">If the API encounters any internal errors.</response>
        </member>
        <member name="M:Microsoft.AzSK.ATS.WebAPI.Controllers.ExtendedAPIsController.GetFailingControls(System.String,System.String,System.String,System.String,System.String,System.String,System.Int32,System.Int32,System.String)">
            <summary>
            Gets a list of failing controls for a particular subscription for a user with appropriate access.
            </summary>
            <param name="subscriptionId">Id of the subscription.</param>
            <param name="controlId">Optional parameter to get failing control information for a particular control by providing the control id.</param>
            <param name="controlDescription">Optional parameter to get failing control information for particular control(s) by providing the control description.</param>
            <param name="resourceGroup">Optional parameter to get a list of failing controls for a particular resource group by providing the name of the resource group.</param>
            <param name="resourceId">Optional parameter to get a list of failing controls for a particular resource by providing the resource id.</param>
            <param name="resourceName">Optional parameter to get a list of failing controls for a particular resource by providing the resource name.</param>
            <param name="pageNumber">Optional parameter to set current page number.</param>
            <param name="pageSize">Optional parameter to set page size of the request.</param>
            <param name="complianceInitiativeId">Optional parameter to set the compliance initiative id.</param>
            <returns>A list of failing controls for a particular subscription for a user with appropriate access.</returns>
            <response code="200">If successful, a list of failing controls for a particular subscription for a user with appropriate access.</response>
            <response code="400">If the subscription id is null, empty, or invalid. A bad request will also be thrown if the JWT bearer token is malformed. A bad request will also be thrown if the page size is greater than the maximum allowed page size.</response>
            <response code="403">If the app calling this API is forbidden to access this API or the user, on behalf of which the request is made, does not have access to view AzTS compliance information for the subscription.</response>
            <response code="500">If the API encounters any internal errors.</response>
        </member>
        <member name="M:Microsoft.AzSK.ATS.WebAPI.Controllers.ExtendedAPIsController.GetFailingScanResults(System.String,System.String,System.String,System.String,System.String,System.String,System.Int32,System.Int32,System.String)">
            <summary>
            Gets a list of failing scan results for a particular subscription and control for a user with appropriate access.
            </summary>
            <param name="subscriptionId">Id of the subscription.</param>
            <param name="controlId">Id if the control.</param>
            <param name="controlDescription">Description of the control.</param>
            <param name="resourceGroup">Optional parameter to get a list of failing scan results for Azure resources for a particular Azure resource group by providing the name of the resource group.</param>
            <param name="resourceId">Optional parameter to get a list of failing scan results for a particular Azure resource by providing it's resource id.</param>
            <param name="resourceName">Optional parameter to get a list of failing scan results for a particular Azure resource by providing it's resource name.</param>
            <param name="pageNumber">Optional parameter to set current page number.</param>
            <param name="pageSize">Optional parameter to set page size of the request.</param>
            <param name="complianceInitiativeId">Optional parameter to set the compliance initiative id.</param>
            <returns>A list of failing scan results for a particular subscription and control for a user with appropriate access.</returns>
            <response code="200">If successful, a list of failing scan results for a particular subscription and control for a user with appropriate access.</response>
            <response code="400">If the subscription id is null, empty, or invalid. A bad request will also be thrown if the JWT bearer token is malformed. A bad request will also be thrown if the page size is greater than the maximum allowed page size. A bad request will also be thrown if both control id and control description is not provided.</response>
            <response code="403">If the app calling this API is forbidden to access this API or the user, on behalf of which the request is made, does not have access to view AzTS compliance information for the subscription.</response>
            <response code="500">If the API encounters any internal errors.</response>
        </member>
        <member name="M:Microsoft.AzSK.ATS.WebAPI.Controllers.ExtendedAPIsController.GetFailingScanResultInformation(System.String,System.String,System.String,System.String,System.String,System.String,System.String)">
            <summary>
            Gets the status reason and additional information for a particular control and resource for a user with appropriate access.
            </summary>
            <param name="subscriptionId">Id of the subscription.</param>
            <param name="controlId">Id if the control.</param>
            <param name="controlDescription">Description of the control.</param>
            <param name="resourceGroup">Resource group of the resource the control belongs to.</param>
            <param name="resourceId">Resource id of the resource the control belongs to.</param>
            <param name="resourceName">Resource name of the resource the control belongs to.</param>
            <param name="complianceInitiativeId">Optional parameter to set the compliance initiative id.</param>
            <returns>The status reason and additional information for a particular control and resource for a user with appropriate access.</returns>
            <response code="200">If successful, the status reason and additional information for a particular control and resource for a user with appropriate access.</response>
            <response code="400">If the subscription id is null, empty, or invalid. A bad request will also be thrown if the JWT bearer token is malformed. A bad request will also be thrown if both control id and control description is not provided. A bad request will be thrown if neither resource id or a resource group and resource name combination is provided.</response>
            <response code="403">If the app calling this API is forbidden to access this API or the user, on behalf of which the request is made, does not have access to view AzTS compliance information for the subscription.</response>
            <response code="500">If the API encounters any internal errors.</response>
        </member>
        <member name="T:Microsoft.AzSK.ATS.WebAPI.Controllers.KR51ControlsController">
            <summary>
            This controller will be used to process KR51 requests.
            </summary>
        </member>
        <member name="M:Microsoft.AzSK.ATS.WebAPI.Controllers.KR51ControlsController.#ctor(Microsoft.AzSK.ATS.WebAPI.Services.IKR51ControlService,Microsoft.AzSK.ATS.WebAPI.Utility.UserInformation)">
            <summary>
            Initializes a new instance of the <see cref="T:Microsoft.AzSK.ATS.WebAPI.Controllers.KR51ControlsController"/> class.
            </summary>
            <param name="kr51ControlMetadataService">kr51ControlMetadataService.</param>
            <param name="userInformation">user information.</param>
            <param name="logger">logger.</param>
        </member>
        <member name="M:Microsoft.AzSK.ATS.WebAPI.Controllers.KR51ControlsController.GetPolicyControlsCountWithFeatures(System.String)">
            <summary>
            This method will be used to return controls count based on type name.
            </summary>
            <param name="type">type of control requirement.</param>
            <returns>return feature name and control count.</returns>
        </member>
        <member name="M:Microsoft.AzSK.ATS.WebAPI.Controllers.KR51ControlsController.GetPolicyControlsMetadata(System.String,System.String,System.Int32)">
            <summary>
            This method will be used to return return Policy Controls Metadata details.
            </summary>
            <param name="type">type.</param>
            <param name="featureName">feature name.</param>
            <param name="pageNumber">page number.</param>
            <returns>return Policy Control Metadata.</returns>
        </member>
        <member name="M:Microsoft.AzSK.ATS.WebAPI.Controllers.KR51ControlsController.GetPolicyControlResourceMetadata(System.String,System.String)">
            <summary>
            This method is used to return all the resource details for a particular control on which user has access.
            </summary>
            <param name="type">type.</param>
            <param name="controlName">control name.</param>
            <returns>All the resource related info.</returns>
        </member>
        <member name="M:Microsoft.AzSK.ATS.WebAPI.Controllers.KR51ControlsController.DownloadPolicyControlResourceMetadata(System.String,System.String,Microsoft.AzSK.ATS.WebAPI.Models.FiltersSection)">
            <summary>
            This method is used to download all the resource details for a particular control on which user has access to.
            </summary>
            <param name="type">type.</param>
            <param name="controlName">control name.</param>
            <param name="filters">list of filters.</param>
            <returns>File with all the resource content to be downloaded.</returns>
        </member>
        <member name="T:Microsoft.AzSK.ATS.WebAPI.Controllers.ManagementGroupCIBulkMappingController">
            <summary>
            This class will be used for bulk mapping of Management Group to Tags.
            </summary>
        </member>
        <member name="M:Microsoft.AzSK.ATS.WebAPI.Controllers.ManagementGroupCIBulkMappingController.#ctor(Scanner.API.Services.ComplianceInitiativeTool.IManagementGroupTagMappingService)">
            <summary>
            Initializes a new instance of the <see cref="T:Microsoft.AzSK.ATS.WebAPI.Controllers.ManagementGroupCIBulkMappingController"/> class.
            Constructor to initiate props.
            </summary>
            <param name="managementGroupTagMappingService">managementGroupTagMappingService.</param>
        </member>
        <member name="M:Microsoft.AzSK.ATS.WebAPI.Controllers.ManagementGroupCIBulkMappingController.ManagementGroupTagsBulkMappingAsync(Scanner.API.Models.ComplianceInitiativeTool.ManagementGroupTagBulkMapping,System.Threading.CancellationToken)">
            <summary>
            This method will be used to map the Management Group with control tag in bulk.
            </summary>
            <param name="managementGroupComplianceInitiativeMappingList">managementGroupComplianceInitiativeMappingList.</param>
            <returns>result.</returns>
        </member>
        <member name="T:Microsoft.AzSK.ATS.WebAPI.Controllers.ManagementGroupTagMappingController">
            <summary>
            Compliance initiative API controller.
            </summary>
        </member>
        <member name="M:Microsoft.AzSK.ATS.WebAPI.Controllers.ManagementGroupTagMappingController.#ctor(Scanner.API.Services.ComplianceInitiativeTool.IManagementGroupTagMappingService,Microsoft.Extensions.Logging.ILogger{Microsoft.AzSK.ATS.WebAPI.Controllers.ManagementGroupTagMappingController},Microsoft.AzSK.ATS.WebAPI.Utility.UserInformation)">
            <summary>
            Initializes a new instance of the <see cref="T:Microsoft.AzSK.ATS.WebAPI.Controllers.ManagementGroupTagMappingController"/> class.
            </summary>
            <param name="managementGroupTagMappingService"></param>
            <param name="logger"></param>
            <param name="userInformation"></param>
        </member>
        <member name="M:Microsoft.AzSK.ATS.WebAPI.Controllers.ManagementGroupTagMappingController.GetChildMG(System.String,System.String,System.String)">
            <summary>
            API to get all child management group of a management group.
            </summary>
            <param name="managementGroupId"></param>
            <param name="mode"></param>
            <param name="tenantId">tenantId</param>
            <returns>Response with the status of GetMG action. </returns>
        </member>
        <member name="M:Microsoft.AzSK.ATS.WebAPI.Controllers.ManagementGroupTagMappingController.GetMGTagAsync(System.String,System.String,System.Threading.CancellationToken)">
            <summary>
            API to get MG Tag.
            </summary>
            <param name="managementGroupId">management group id.</param>
            <param name="tenantId">tenantId id.</param>
            <returns>Response with the available tag.</returns>
        </member>
        <member name="M:Microsoft.AzSK.ATS.WebAPI.Controllers.ManagementGroupTagMappingController.AddMGTagAsync(Microsoft.AzSK.ATS.Extensions.Models.ManagementGroupTagMappingDetails,System.Threading.CancellationToken)">
            <summary>
             API to add MG tag.
            </summary>
            <param name="managementGroupTagsMapping">managementGroupTagsMapping.</param>
            <returns>Response with the status of Add MG tag action.</returns>
        </member>
        <member name="M:Microsoft.AzSK.ATS.WebAPI.Controllers.ManagementGroupTagMappingController.DeleteMGTagAsync(Microsoft.AzSK.ATS.Extensions.Models.ManagementGroupTagMappingDetails,System.Threading.CancellationToken)">
            <summary>
            API to delete MG tag.
            </summary>
            <param name="managementGroupTagsMapping">managementGroupTagsMapping.</param>
            <returns>Response with the status of Delete ControlTags action.</returns>
        </member>
        <member name="M:Microsoft.AzSK.ATS.WebAPI.Controllers.ManagementGroupTagMappingController.GetTagsMappingListAsync(System.String,System.Threading.CancellationToken)">
            <summary>
            API to Get tags mapping list of a compliance initiative.
            </summary>
            <param name="complianceInitiativeId">complianceInitiativeId.</param>
            <returns>Response with the list of MG tag mapping.</returns>
        </member>
        <member name="M:Microsoft.AzSK.ATS.WebAPI.Controllers.ControlMetadataEditor.GetAllNewControlInputsAsync(System.Threading.CancellationToken)">
            <summary>
            This API is used to get values for availaible resource types
            and categories from Control JSONs and Microsoft Defender for Cloud assessment details from Log Analytics.
            </summary>
            <returns>Status message with new control inputs.</returns>
        </member>
        <member name="M:Microsoft.AzSK.ATS.WebAPI.Controllers.ControlMetadataEditor.PrivilagedAddNewControls(Microsoft.AzSK.ATS.WebAPI.Models.AddNewControlRequest,System.Threading.CancellationToken)">
            <summary>
            This API is used to add a new control on
            request from the UI.
            </summary>
            <returns>
             Status message of addition.
            </returns>
            <param name="addNewControlInfo">AddNewControlRequest object containing
            values for new conrol metadata fetched from the UI.</param>
            <remarks> Privileged access only.</remarks>
        </member>
        <member name="M:Microsoft.AzSK.ATS.WebAPI.Controllers.ControlMetadataEditor.ProcessBulkEnableOrDisableAsync(Microsoft.AzSK.ATS.WebAPI.Models.BulkEnableOrDisableRequest,System.Threading.CancellationToken)">
            <summary>
            Used to enable or disable controls in bulk.
            </summary>
            <param name="requestObject"> contains list of features and their respective controls,changelog and verison.</param>
            <returns></returns>
        </member>
        <member name="M:Microsoft.AzSK.ATS.WebAPI.Controllers.MultiTenantController.OnboardOffboardTenant(Microsoft.AzSK.ATS.Extensions.Models.OnboardedTenantDetails)">
            <summary>
            This API is used to onboard/offboard tenant to multi-tenant security scanning framework.
            </summary>
            <returns> Action status.</returns>
            <param name="tenantDetails">Details of the tenants being onboarded/offboarded.</param>
        </member>
        <member name="M:Microsoft.AzSK.ATS.WebAPI.Controllers.MultiTenantController.GetTenantDetails(Microsoft.AzSK.ATS.Extensions.Models.OnboardedTenantDetails)">
            <summary>
            This API is used to get the details for tenants onboarded to multi-tenant security scanning framework.
            </summary>
            <returns> Tenant details.</returns>
            <param name="tenantList">List of tenats for which details are to be fetched.</param>
        </member>
        <member name="M:Microsoft.AzSK.ATS.WebAPI.Controllers.RemediationController.GetControlRemediationSpecification">
            <summary>
            This Api endpoint fetches the controls remediation specification json file from the specified in configuration.
            </summary>
            <returns> Controls Remediation Specifications </returns>
        </member>
        <member name="M:Microsoft.AzSK.ATS.WebAPI.Controllers.RemediationController.GetRemediationScriptsAsync(System.Collections.Generic.List{Microsoft.AzSK.ATS.WebAPI.Models.RemediationRequestModel},System.Threading.CancellationToken)">
            <summary>
            The api creates a folder which contains all the files necessary for performing remediation,
            i.e. subscription wise json file of failed controls with resources,
            remediation script of failed controls, remediation wrapper to execute/run the remediation scripts, and Instruction file
            It then compresses the folder and give it to UI.
            </summary>
            <returns>Zip file. </returns>
        </member>
        <member name="T:Microsoft.AzSK.ATS.WebAPI.Controllers.SecureTemplateController">
            <summary>
            Controller for Secure Template Provider.
            </summary>
        </member>
        <member name="M:Microsoft.AzSK.ATS.WebAPI.Controllers.SecureTemplateController.#ctor(Microsoft.Extensions.Logging.ILogger{Microsoft.AzSK.ATS.WebAPI.Controllers.SecureTemplateController},Scanner.API.Services.SecureTemplateProvider.ISecureTemplateService)">
            <summary>
            Initializes a new instance of the <see cref="T:Microsoft.AzSK.ATS.WebAPI.Controllers.SecureTemplateController"/> class.
            </summary>
            <param name="logger">Logger instance.</param>
        </member>
        <member name="M:Microsoft.AzSK.ATS.WebAPI.Controllers.SecureTemplateController.GetTemplates">
            <summary>
            Get information of secure templates available.
            </summary>
            <returns>List of secure templates.</returns>
        </member>
        <member name="M:Microsoft.AzSK.ATS.WebAPI.Controllers.SecureTemplateController.PostActivityToAI(System.String)">
            <summary>
            Posts information whenever "Deploy to Azure" button is clicked.
            </summary>
            <returns>Success string.</returns>
        </member>
        <member name="T:Microsoft.AzSK.ATS.WebAPI.Controllers.UIConfigurationController">
            <summary>
            Controller for UI configurations.
            </summary>
        </member>
        <member name="M:Microsoft.AzSK.ATS.WebAPI.Controllers.UIConfigurationController.#ctor(Microsoft.Extensions.Options.IOptions{Microsoft.AzSK.ATS.Extensions.Models.AzureEndpoints},Microsoft.Extensions.Options.IOptions{Microsoft.AzSK.ATS.WebAPI.Models.UI.UIConfigurationBase},Microsoft.Extensions.Options.IOptions{Microsoft.AzSK.ATS.WebAPI.Models.ComplianceViewConfiguration})">
            <summary>
            Initializes a new instance of the <see cref="T:Microsoft.AzSK.ATS.WebAPI.Controllers.UIConfigurationController"/> class.
            </summary>
            <param name="azureEndpoints">A reference to a set of Azure Endpoints for the environment where this is being deployed.</param>
            <param name="uiConfigurationBase">A reference to all UI configurations that will be served via `/getconfig` to the UI.</param>
            <param name="complianceViewConfiguration">A reference to compliance view configuration.</param>
        </member>
        <member name="M:Microsoft.AzSK.ATS.WebAPI.Controllers.UIConfigurationController.GetUIConfiguration">
            <summary>
            Get UI configuration.
            </summary>
            <returns>Return UI configuration.</returns>
        </member>
        <member name="T:Microsoft.AzSK.ATS.WebAPI.Controllers.UserActivityLogController">
            <summary>
            Controller to log user activity.
            </summary>
        </member>
        <member name="M:Microsoft.AzSK.ATS.WebAPI.Controllers.UserActivityLogController.#ctor(Microsoft.Extensions.Logging.ILogger{Microsoft.AzSK.ATS.WebAPI.Controllers.UserActivityLogController},Microsoft.AzSK.ATS.WebAPI.Services.IUserActivityLoggingService)">
            <summary>
            Initializes a new instance of the <see cref="T:Microsoft.AzSK.ATS.WebAPI.Controllers.UserActivityLogController"/> class.
            </summary>
            <param name="logger">logger instance of Ilogger.</param>
            <param name="userAcvityLoggingService">Instance of the user activity service class.</param>
        </member>
        <member name="M:Microsoft.AzSK.ATS.WebAPI.Controllers.UserActivityLogController.LogUserActivity(Scanner.API.Models.UserActivity)">
            <summary>
            Method to Get the User activity and Log into AI.
            </summary>
            <param name="userActivityLogs">userActivityLogs.</param>
            <returns>respons.</returns>
        </member>
        <member name="T:Scanner.API.Controllers.ExceptionController">
            <summary>
            Exception API controller.
            </summary>
        </member>
        <member name="M:Scanner.API.Controllers.ExceptionController.#ctor(Scanner.API.Services.Exception.IExceptionService)">
            <summary>
            Initializes a new instance of the <see cref="T:Scanner.API.Controllers.ExceptionController"/> class.
            </summary>
            <param name="exceptionService">Exception service.</param>
        </member>
        <member name="M:Scanner.API.Controllers.ExceptionController.AddExceptionAsync(Microsoft.AzSK.ATS.Extensions.Models.ExceptionModel,System.Threading.CancellationToken)">
            <summary>
            API to add exception.
            </summary>
            <param name="exceptionRequest">Exception to be added.</param>
            <returns>Response with status for the add action.</returns>
        </member>
        <member name="M:Scanner.API.Controllers.ExceptionController.UpdateExceptionAsync(Microsoft.AzSK.ATS.Extensions.Models.ExceptionModel,System.Threading.CancellationToken)">
            <summary>
            API to update exception.
            </summary>
            <param name="exceptionRequest">Exception to be updated.</param>
            <returns>Response with status for the update action.</returns>
        </member>
        <member name="M:Scanner.API.Controllers.ExceptionController.RemoveExceptionsAsync(Microsoft.AzSK.ATS.Extensions.Models.ExceptionModel,System.Threading.CancellationToken)">
            <summary>
            API to soft delete exception.
            </summary>
            <param name="exceptionRequest">Exception to be removed.</param>
            <returns>Response with status for the soft delete action.</returns>
        </member>
        <member name="M:Scanner.API.Controllers.ExceptionController.GetExceptionsByFilterAsync(Microsoft.AzSK.ATS.Extensions.Models.ExceptionFilter,System.Threading.CancellationToken)">
            <summary>
            API to search exception on basis of input filter.
            </summary>
            <param name="exceptionFilter">Exception search filters.</param>
            <returns>Response with status and filtered exceptions.</returns>
        </member>
        <member name="T:Scanner.API.Controllers.SelfAttestationExceptionController">
            <summary>
            Self Attestation exception controller.
            </summary>
        </member>
        <member name="M:Scanner.API.Controllers.SelfAttestationExceptionController.#ctor(Microsoft.Extensions.Logging.ILogger{Scanner.API.Controllers.SelfAttestationExceptionController},Microsoft.Extensions.Options.IOptions{Microsoft.AzSK.ATS.Extensions.Models.AzureCosmosDBSettings},Microsoft.AzSK.ATS.Extensions.ExceptionProvider.IExceptionProvider,Microsoft.Extensions.Options.IOptions{Microsoft.AzSK.ATS.WebAPI.Models.Messages})">
            <summary>
            Initializes a new instance of the <see cref="T:Scanner.API.Controllers.SelfAttestationExceptionController"/> class.
            </summary>
            <param name="log"> Instance of ILogger.</param>
            <param name="exceptionProvider"> Instance of IExceptionProvider.</param>
        </member>
        <member name="M:Scanner.API.Controllers.SelfAttestationExceptionController.GetSelfAttestationExceptions(Microsoft.AzSK.ATS.Extensions.Models.Azure.SelfAttestationExceptionFilter)">
            <summary>
            API endpoint to get self attestation exceptions.
            </summary>
            <param name="selfAttestationExceptionFilter">Exception filter request.</param>
            <returns>A <see cref="T:System.Threading.Tasks.Task`1" /> that will complete when the operation has completed.</returns>
        </member>
    </members>
</doc>
