{
  "SecureTemplatesJson": [
    {
      "name": "API Management",
      "service": "APIManagement",
      "isEnabled": true,
      "controlInfoSecureTemplate": [],
      "description": "The credentials used to access API Management REST API provide admin-level access without support for role-based access control and without recording audit logs. For better security it is recommended to make calls through the ARM-based REST API. Using the native enterprise directory for authentication ensures that there is a built-in high level of assurance in the user identity established for subsequent access control. All Enterprise subscriptions are automatically associated with their enterprise directory (xxx.onmicrosoft.com) and users in the native directory are trusted for authentication to enterprise subscriptions. TLS 1.2 is the latest and most secure protocol. Using 3DES Ciphers, TLS protocols (1.1 and 1.0) and SSL 3.0 exposes the API to meet-in-the-middle attack, chosen-plaintext or known-plaintext attacks.",
      "link": "https://raw.githubusercontent.com/azsk/AzTS-docs/main/08-Secure%20by%20default/Secure%20Templates/ARM/APIManagement.json",
      "imageLink": "https://raw.githubusercontent.com/azsk/AzTS-docs/main/Assets/Service-Image/APIManagement.svg",
      "controlList": [
        "Azure_APIManagement_AuthN_Disable_Management_API",
        "Azure_APIManagement_AuthN_Use_Microsoft_Entra_ID_for_Client_AuthN",
        "Azure_APIManagement_DP_Use_Secure_TLS_Version"
      ],
      "details": "string"
    },
    {
      "name": "App Service (Web App)",
      "service": "AppService",
      "isEnabled": true,
      "controlInfoSecureTemplate": [],
      "description": "Template deploys a secure Web App resource. Use of HTTPS ensures server/service authentication and protects data in transit from network layer eavesdropping attacks. Remote debugging requires inbound ports to be opened on App Service. These ports become easy targets for compromise from various internet-based attacks. TLS provides confidentiality and data integrity between client and server. Using approved TLS version significantly reduces risks from security design issues and security bugs that may be present in older versions.",
      "link": "https://raw.githubusercontent.com/azsk/AzTS-docs/main/08-Secure%20by%20default/Secure%20Templates/ARM/AppService-WebApp.json",
      "imageLink": "https://raw.githubusercontent.com/azsk/AzTS-docs/main/Assets/Service-Image/AppService.svg",
      "controlList": [
        "Azure_AppService_DP_Dont_Allow_HTTP_Access",
        "Azure_AppService_Config_Disable_Remote_Debugging",
        "Azure_AppService_DP_Use_Secure_TLS_Version",
        "Azure_AppService_AuthN_FTP_and_SCM_Access_Disable_Basic_Auth"
      ],
      "details": "string"
    },
    {
      "name": "App Service (Function App)",
      "service": "AppService",
      "isEnabled": true,
      "controlInfoSecureTemplate": [],
      "description": "Template deploys a secure Function App resource. Use of HTTPS ensures server/service authentication and protects data in transit from network layer eavesdropping attacks. Remote debugging requires inbound ports to be opened on App Service. These ports become easy targets for compromise from various internet-based attacks. TLS provides confidentiality and data integrity between client and server. Using approved TLS version significantly reduces risks from security design issues and security bugs that may be present in older versions.",
      "link": "https://raw.githubusercontent.com/azsk/AzTS-docs/main/08-Secure%20by%20default/Secure%20Templates/ARM/AppService-FunctionApp.json",
      "imageLink": "https://raw.githubusercontent.com/azsk/AzTS-docs/main/Assets/Service-Image/AppService.svg",
      "controlList": [
        "Azure_AppService_DP_Dont_Allow_HTTP_Access",
        "Azure_AppService_Config_Disable_Remote_Debugging",
        "Azure_AppService_DP_Use_Secure_TLS_Version",
        "Azure_AppService_AuthN_FTP_and_SCM_Access_Disable_Basic_Auth"
      ],
      "details": "string"
    },
    {
      "name": "Automation Account",
      "service": "AutomationAccounts",
      "isEnabled": true,
      "controlInfoSecureTemplate": [],
      "description": "Encryption helps prevent sensitive data breaches during transfer and storage.",
      "link": "https://raw.githubusercontent.com/azsk/AzTS-docs/main/08-Secure%20by%20default/Secure%20Templates/ARM/AutomationAccounts.json",
      "imageLink": "https://raw.githubusercontent.com/azsk/AzTS-docs/main/Assets/Service-Image/AutomationAccounts.svg",
      "controlList": [
        "Azure_AutomationAccounts_DP_Encrypt_Variables"
      ],
      "details": "string"
    },
    {
      "name": "Bastion",
      "service": "Bastion",
      "isEnabled": true,
      "controlInfoSecureTemplate": [],
      "description": "The Bastion Shareable link lets users with local credentials to bypass primary authentication to Azure, MFA requirements and Network Segmentation by allowing direct connectivity to VMs using the link provided.",
      "link": "https://raw.githubusercontent.com/azsk/AzTS-docs/main/08-Secure%20by%20default/Secure%20Templates/ARM/Bastion.json",
      "imageLink": "https://raw.githubusercontent.com/azsk/AzTS-docs/main/Assets/Service-Image/Bastion.svg",
      "controlList": [ "Azure_Bastion_AuthZ_Disable_Shareable_Link" ],
      "details": "string"
    },
    {
      "name": "CDN",
      "service": "CDN",
      "isEnabled": false,
      "controlInfoSecureTemplate": [],
      "description": "Template description.",
      "link": "",
      "imageLink": "https://raw.githubusercontent.com/azsk/AzTS-docs/main/Assets/Service-Image/CDN.svg",
      "controlList": [ "Azure_Service_Category_Name" ],
      "details": "string"
    },
    {
      "name": "Cloud Service",
      "service": "CloudService",
      "isEnabled": false,
      "controlInfoSecureTemplate": [],
      "description": "Template description.",
      "link": "",
      "imageLink": "https://raw.githubusercontent.com/azsk/AzTS-docs/main/Assets/Service-Image/CloudService.svg",
      "controlList": [ "Azure_Service_Category_Name" ],
      "details": "string"
    },
    {
      "name": "Container Registry",
      "service": "ContainerRegistry",
      "isEnabled": false,
      "controlInfoSecureTemplate": [],
      "description": "Template description.",
      "link": "",
      "imageLink": "https://raw.githubusercontent.com/azsk/AzTS-docs/main/Assets/Service-Image/ContainerRegistry.svg",
      "controlList": [ "Azure_Service_Category_Name" ],
      "details": "string"
    },
    {
      "name": "Cosmos DB",
      "service": "CosmosDB",
      "isEnabled": false,
      "controlInfoSecureTemplate": [],
      "description": "Template description.",
      "link": "",
      "imageLink": "https://raw.githubusercontent.com/azsk/AzTS-docs/main/Assets/Service-Image/CosmosDB.svg",
      "controlList": [ "Azure_Service_Category_Name" ],
      "details": "string"
    },
    {
      "name": "Data Lake Analytics",
      "service": "DataLakeAnalytics",
      "isEnabled": false,
      "controlInfoSecureTemplate": [],
      "description": "Template description.",
      "link": "",
      "imageLink": "https://raw.githubusercontent.com/azsk/AzTS-docs/main/Assets/Service-Image/DataLakeAnalytics.svg",
      "controlList": [
        "Azure_Service_Category_Name"
      ],
      "details": "details"
    },
    {
      "name": "DataLakeStore",
      "service": "DataLakeStore",
      "isEnabled": false,
      "controlInfoSecureTemplate": [],
      "description": "Template description.",
      "link": "",
      "imageLink": "https://raw.githubusercontent.com/azsk/AzTS-docs/main/Assets/Service-Image/DataLakeStore.svg",
      "controlList": [
        "Azure_Service_Category_Name"
      ],
      "details": "details"
    },
    {
      "name": "Database for MySql",
      "service": "DBForMySql",
      "isEnabled": false,
      "controlInfoSecureTemplate": [],
      "description": "Template description.",
      "link": "",
      "imageLink": "https://raw.githubusercontent.com/azsk/AzTS-docs/main/Assets/Service-Image/DBForMySql.svg",
      "controlList": [
        "Azure_Service_Category_Name"
      ],
      "details": "details"
    },
    {
      "name": "Database for PostgreSQL",
      "service": "DBForPostgreSQL",
      "isEnabled": false,
      "controlInfoSecureTemplate": [],
      "description": "Template description.",
      "link": "",
      "imageLink": "https://raw.githubusercontent.com/azsk/AzTS-docs/main/Assets/Service-Image/DBForPostgreSQL.svg",
      "controlList": [
        "Azure_Service_Category_Name"
      ],
      "details": "details"
    },
    {
      "name": "Event Hub",
      "service": "EventHub",
      "isEnabled": true,
      "controlInfoSecureTemplate": [],
      "description": "Template description.",
      "link": "https://raw.githubusercontent.com/azsk/AzTS-docs/main/08-Secure%20by%20default/Secure%20Templates/ARM/EventHub.json",
      "imageLink": "https://raw.githubusercontent.com/azsk/AzTS-docs/main/Assets/Service-Image/EventHub.svg",
      "controlList": [
        "Azure_EventHub_AuthZ_Use_Min_Permissions_Access_Policies",
        "Azure_EventHub_DP_Use_Secure_TLS_Version"
      ],
      "details": "details"
    },
    {
      "name": "HD Insight",
      "service": "HDInsight",
      "isEnabled": false,
      "controlInfoSecureTemplate": [],
      "description": "Template description.",
      "link": "",
      "imageLink": "https://raw.githubusercontent.com/azsk/AzTS-docs/main/Assets/Service-Image/HDInsight.svg",
      "controlList": [
        "Azure_Service_Category_Name"
      ],
      "details": "details"
    },
    {
      "name": "Key Vault",
      "service": "KeyVault",
      "isEnabled": false,
      "controlInfoSecureTemplate": [],
      "description": "Logs should be retained for a long enough period so that activity trail can be recreated when investigations are required in the event of an incident or a compromise. To avoid unintentional access to Key Vault from Azure services, advanced access policies must be configured only as required.",
      "link": "https://raw.githubusercontent.com/azsk/DevOpsKit-docs/master/ARMTemplates/KeyVault.json",
      "imageLink": "https://raw.githubusercontent.com/azsk/AzTS-docs/main/Assets/Service-Image/KeyVault.svg",
      "controlList": [ "Azure_KeyVault_Audit_Enable_Diagnostics_Log", "Azure_KeyVault_AuthZ_Configure_Advanced_Access_Policies" ],
      "details": "string"
    },
    {
      "name": "Kubernetes Service",
      "service": "KubernetesService",
      "isEnabled": true,
      "controlInfoSecureTemplate": [],
      "description": "Template creates an Azure Kubernetes Service (AKS) cluster which has RBAC enabled along with AKS-managed Azure AD integration.",
      "link": "https://raw.githubusercontent.com/azsk/AzTS-docs/main/08-Secure%20by%20default/Secure%20Templates/ARM/KubernetesService.json",
      "imageLink": "https://raw.githubusercontent.com/azsk/AzTS-docs/main/Assets/Service-Image/KubernetesService.svg",
      "controlList": [
        "Azure_KubernetesService_Deploy_Enable_Cluster_RBAC",
        "Azure_KubernetesService_AuthN_Enabled_Microsoft_Entra_ID",
        "Azure_KubernetesService_AuthN_Disable_Local_Accounts"
      ],
      "details": "details"
    },
    {
      "name": "Logic Apps",
      "service": "LogicApps",
      "isEnabled": false,
      "controlInfoSecureTemplate": [],
      "description": "Template description.",
      "link": "",
      "imageLink": "https://raw.githubusercontent.com/azsk/AzTS-docs/main/Assets/Service-Image/LogicApps.svg",
      "controlList": [
        "Azure_Service_Category_Name"
      ],
      "details": "details"
    },
    {
      "name": "Notification Hub",
      "service": "NotificationHub",
      "isEnabled": false,
      "controlInfoSecureTemplate": [],
      "description": "Template description.",
      "link": "",
      "imageLink": "https://raw.githubusercontent.com/azsk/AzTS-docs/main/Assets/Service-Image/NotificationHub.svg",
      "controlList": [
        "Azure_Service_Category_Name"
      ],
      "details": "details"
    },
    {
      "name": "NSG",
      "service": "NSG",
      "isEnabled": false,
      "controlInfoSecureTemplate": [],
      "description": "Template description.",
      "link": "",
      "imageLink": "https://raw.githubusercontent.com/azsk/AzTS-docs/main/Assets/Service-Image/NSG.svg",
      "controlList": [
        "Azure_Service_Category_Name"
      ],
      "details": "details"
    },
    {
      "name": "Redis Cache",
      "service": "RedisCache",
      "isEnabled": true,
      "controlInfoSecureTemplate": [],
      "description": "Use of HTTPS ensures server/service authentication and protects data in transit from network layer man-in-the-middle, eavesdropping, session-hijacking attacks.",
      "link": "https://raw.githubusercontent.com/azsk/AzTS-docs/main/08-Secure%20by%20default/Secure%20Templates/ARM/RedisCache.json",
      "imageLink": "https://raw.githubusercontent.com/azsk/AzTS-docs/main/Assets/Service-Image/RedisCache.svg",
      "controlList": [
        "Azure_RedisCache_DP_Use_SSL_Port"
      ],
      "details": "details"
    },
    {
      "name": "Service Bus",
      "service": "ServiceBus",
      "isEnabled": true,
      "controlInfoSecureTemplate": [],
      "description": "TLS provides confidentiality and data integrity between client and server. Using approved TLS version significantly reduces risks from security design issues and security bugs that may be present in older versions.",
      "link": "https://raw.githubusercontent.com/azsk/AzTS-docs/main/08-Secure%20by%20default/Secure%20Templates/ARM/ServiceBus.json",
      "imageLink": "https://raw.githubusercontent.com/azsk/AzTS-docs/main/Assets/Service-Image/ServiceBus.svg",
      "controlList": [
        "Azure_ServiceBus_DP_Use_Secure_TLS_Version"
      ],
      "details": "details"
    },
    {
      "name": "Service Fabric",
      "service": "ServiceFabric",
      "isEnabled": true,
      "controlInfoSecureTemplate": [],
      "description": "Using the native enterprise directory for authentication ensures that there is a built-in high level of assurance in the user identity established for subsequent access control. All Enterprise subscriptions are automatically associated with their enterprise directory (xxx.onmicrosoft.com) and users in the native directory are trusted for authentication to enterprise subscriptions. Configuring the reverse proxy's port in Load Balancer with public IP will expose all microservices with HTTP endpoint. Microservices meant to be internal may be discoverable by a determined malicious user. With cluster protection level set to 'EncryptAndSign', all the node-to-node messages are encrypted and digitally signed. This protects the intra-cluster communication from eavesdropping/tampering/man-in-the-middle attacks on the network.",
      "link": "https://raw.githubusercontent.com/azsk/AzTS-docs/main/08-Secure%20by%20default/Secure%20Templates/ARM/ServiceFabric.json",
      "imageLink": "https://raw.githubusercontent.com/azsk/AzTS-docs/main/Assets/Service-Image/ServiceFabric.svg",
      "controlList": [
        "Azure_ServiceFabric_AuthN_Client_AuthN_Microsoft_Entra_ID_Only",
        "Azure_ServiceFabric_DP_Dont_Expose_Reverse_Proxy_Port",
        "Azure_ServiceFabric_DP_Set_Property_ClusterProtectionLevel"
      ],
      "details": "details"
    },
    {
      "name": "SQL Managed Instance",
      "service": "SQLManagedInstance",
      "isEnabled": true,
      "controlInfoSecureTemplate": [],
      "description": "TLS provides confidentiality and data integrity between client and server. Using approved TLS version significantly reduces risks from security design issues and security bugs that may be present in older versions.",
      "link": "https://raw.githubusercontent.com/azsk/AzTS-docs/main/08-Secure%20by%20default/Secure%20Templates/ARM/SQLManagedInstance.json",
      "imageLink": "https://raw.githubusercontent.com/azsk/AzTS-docs/main/Assets/Service-Image/SQLManagedInstance.svg",
      "controlList": [
        "Azure_SQLManagedInstance_DP_Use_Secure_TLS_Version"
      ],
      "details": "details"
    },
    {
      "name": "SQL Server",
      "service": "SQLServer",
      "isEnabled": true,
      "controlInfoSecureTemplate": [],
      "description": "Using the native enterprise directory for authentication ensures that there is a built-in high level of assurance in the user identity established for subsequent access control. All Enterprise subscriptions are automatically associated with their enterprise directory (xxx.onmicrosoft.com) and users in the native directory are trusted for authentication to enterprise subscriptions. Using this feature ensures that sensitive data is stored encrypted at rest. This minimizes the risk of data loss from physical theft and also helps meet regulatory compliance requirements. Enabling threat detection helps generate alerts about suspicious activity that might indicate attacks such as SQL Injection, login from a new location, unusual usage patterns and related attacks in a timely manner. TLS provides confidentiality and data integrity between client and server. Using approved TLS version significantly reduces risks from security design issues and security bugs that may be present in older versions.",
      "link": "https://raw.githubusercontent.com/azsk/AzTS-docs/main/08-Secure%20by%20default/Secure%20Templates/ARM/SQLServer.json",
      "imageLink": "https://raw.githubusercontent.com/azsk/AzTS-docs/main/Assets/Service-Image/SQLServer.svg",
      "controlList": [
        "Azure_SQLDatabase_AuthZ_Use_AAD_Admin",
        "Azure_SQLDatabase_DP_Enable_TDE",
        "Azure_SQLDatabase_Audit_Enable_Threat_Detection_Server",
        "Azure_SQLDatabase_DP_Use_Secure_TLS_Version"
      ],
      "details": "details"
    },
    {
      "name": "Storage",
      "service": "Storage",
      "isEnabled": true,
      "controlInfoSecureTemplate": [],
      "description": "Template creates an Azure Storage Account with a Container having public access disabled. Use of HTTPS ensures server/service authentication and protects data in transit from network layer man-in-the-middle, eavesdropping, session-hijacking attacks. When enabling HTTPS, one must remember to simultaneously disable access over plain HTTP else data can still be subject to compromise over clear text connections. Data in containers that have anonymous access can be downloaded by anyone on the internet without authentication. This can lead to a compromise of corporate data.",
      "link": "https://raw.githubusercontent.com/azsk/AzTS-docs/main/08-Secure%20by%20default/Secure%20Templates/ARM/Storage.json",
      "imageLink": "https://raw.githubusercontent.com/azsk/AzTS-docs/main/Assets/Service-Image/Storage.svg",
      "controlList": [
        "Azure_Storage_DP_Encrypt_In_Transit",
        "Azure_Storage_AuthN_Dont_Allow_Anonymous",
        "Azure_Storage_DP_Use_Secure_TLS_Version"
      ],
      "details": "string"
    },
    {
      "name": "Traffic Manager",
      "service": "TrafficManager",
      "isEnabled": false,
      "controlInfoSecureTemplate": [],
      "description": "Template description.",
      "link": "",
      "imageLink": "https://raw.githubusercontent.com/azsk/AzTS-docs/main/Assets/Service-Image/TrafficManager.svg",
      "controlList": [
        "Azure_Service_Category_Name"
      ],
      "details": "details"
    },
    {
      "name": "Virtual Machine (Windows)",
      "service": "VirtualMachine",
      "isEnabled": true,
      "controlInfoSecureTemplate": [],
      "description": "Template deploys a Windows VM which has 1) NSG configured on both VM's NIC and subnet to restrict network acess to VM. 2) Microsoft Monitoring Agent and Guest Configuration extension for maintaining data plane security hygiene and visibility for all Azure VMs in use at an Org.",
      "link": "https://raw.githubusercontent.com/azsk/AzTS-docs/main/08-Secure%20by%20default/Secure%20Templates/ARM/VirtualMachine.json",
      "imageLink": "https://raw.githubusercontent.com/azsk/AzTS-docs/main/Assets/Service-Image/VirtualMachine.svg",
      "controlList": [
        "Azure_VirtualMachine_Config_Enable_NSG",
        "Azure_VirtualMachine_SI_Deploy_GuestConfig_Extension",
        "Azure_VirtualMachine_SI_Enable_Monitoring_Agent"
      ],
      "details": "This template deploys a Windows VM using the latest patched version. This will deploy a Standard_D2s_v3 size VM and a 2019-datacenter-gensecond Version as defaultValue in the resource group location and will return the FQDN of the VM's Public IP."
    },
    {
      "name": "Virtual Machine (Linux)",
      "service": "VirtualMachine",
      "isEnabled": true,
      "controlInfoSecureTemplate": [],
      "description": "Template deploys a Linux VM which has 1) NSG configured on both VM's NIC and subnet to restrict network acess to VM. 2) Microsoft Monitoring (OMS) Agent and Guest Configuration extension for maintaining data plane security hygiene and visibility for all Azure VMs in use at an Org.",
      "link": "https://raw.githubusercontent.com/azsk/AzTS-docs/main/08-Secure%20by%20default/Secure%20Templates/ARM/VirtualMachine-Linux.json",
      "imageLink": "https://raw.githubusercontent.com/azsk/AzTS-docs/main/Assets/Service-Image/VirtualMachine.svg",
      "controlList": [
        "Azure_VirtualMachine_Config_Enable_NSG",
        "Azure_VirtualMachine_SI_Deploy_GuestConfig_Extension",
        "Azure_VirtualMachine_SI_Enable_Monitoring_Agent"
      ],
      "details": "This template deploys a Linux Ubuntu VM using the latest patched version. This will deploy a Standard_D2s_v3 size VM and a 18_04-lts-gen2 Version as defaultValue in the resource group location and will return the admin user name, FQDN of the VM's Public IP or Host name, formatted ssh command as output."
    },
    {
      "name": "Virtual Network",
      "service": "VirtualNetwork",
      "isEnabled": true,
      "controlInfoSecureTemplate": [],
      "description": "Secure template to limit the attack surface by restricting inbound and outbound traffic via NSGs applied on subnets.",
      "link": "https://raw.githubusercontent.com/azsk/AzTS-docs/main/08-Secure%20by%20default/Secure%20Templates/ARM/VirtualNetwork.json",
      "imageLink": "https://raw.githubusercontent.com/azsk/AzTS-docs/main/Assets/Service-Image/VirtualMachine.svg",
      "controlList": [ "Azure_VNet_NetSec_Configure_NSG" ],
      "details": "This template deploys a Virtual Network with one Network Security Group (NSG) associated subnet. By default created Virtual Network will have '10.0.0.0/16' address space but this can be modified using parameters."
    },
    {
      "name": "Azure Synapse Workspace",
      "service": "SynapseWorkspace",
      "isEnabled": true,
      "controlInfoSecureTemplate": [],
      "description": "Secure template to enable diagnostic settings and MS Entra ID authentication on Azure Synapse Workspace",
      "link": "https://raw.githubusercontent.com/azsk/AzTS-docs/main/08-Secure%20by%20default/Secure%20Templates/ARM/Synapse.json",
      "imageLink": "https://raw.githubusercontent.com/azsk/AzTS-docs/main/Assets/Service-Image/Synapse.svg",
      "controlList": [
        "Azure_SynapseWorkspace_Audit_Enable_Diagnostics_Log",
        "Azure_SynapseWorkspace_AuthN_SQL_Pools_Use_Microsoft_Entra_ID_Only"
      ],
      "details": "This template deploys an azure synapse workspace with diagnostic settings and MS Entra Id authentication enabled."
    },
    {
      "name": "Virtual Machine Scale Set (Linux)",
      "service": "VirtualMachineScaleSet",
      "isEnabled": true,
      "controlInfoSecureTemplate": [],
      "description": "Secure template to enable Automatic upgrade policy and AAD extension on Linux Virtual Machine Scale Set",
      "link": "https://raw.githubusercontent.com/azsk/AzTS-docs/main/08-Secure%20by%20default/Secure%20Templates/ARM/VirtualMachineScaleSet-Linux.Json",
      "imageLink": "https://raw.githubusercontent.com/azsk/AzTS-docs/main/Assets/Service-Image/VirtualMachineScaleSet.svg",
      "controlList": [
        "Azure_VirtualMachineScaleSet_SI_Enforce_Automatic_Upgrade_Policy",
        "Azure_VirtualMachineScaleSet_AuthN_Enable_AAD_Auth_Linux"
      ],
      "details": "This template deploys Linux Virtual Machine Scale Set with Automatic Upgrade policy and AAD extension."
    },
    {
      "name": "Virtual Machine Scale Set (Windows)",
      "service": "VirtualMachineScaleSet",
      "isEnabled": true,
      "controlInfoSecureTemplate": [],
      "description": "Secure template to enable Automatic upgrade policy on Windows Virtual Machine Scale Set",
      "link": "https://raw.githubusercontent.com/azsk/AzTS-docs/main/08-Secure%20by%20default/Secure%20Templates/ARM/VirtualMachineScaleSet-Windows.json",
      "imageLink": "https://raw.githubusercontent.com/azsk/AzTS-docs/main/Assets/Service-Image/VirtualMachineScaleSet.svg",
      "controlList": [
        "Azure_VirtualMachineScaleSet_SI_Enforce_Automatic_Upgrade_Policy"
      ],
      "details": "This template deploys Windows Virtual Machine Scale Set with Automatic Upgrade policy."
    }
  ]
}