{
  "generatedBy": "Microsoft.NET.Sdk.Functions.Generator-4.6.0",
  "configurationSource": "attributes",
  "bindings": [
    {
      "type": "timerTrigger",
      "runOnStartup": false,
      "schedule": "0 */30 9-11 * * *",
      "useMonitor": true,
      "name": "timer"
    }
  ],
  "disabled": false,
  "scriptFile": "../bin/Microsoft.AzSK.ATS.MetadataAggregator.dll",
  "entryPoint": "Microsoft.AzSK.ATS.MetadataAggregator.Processors.SubscriptionRBAC.SubscriptionRBACProcessor.RolePermissionProcessorAsync"
}