[
    {
        "FeatureName": "CMET",
        "DependentFeaturesForEnabling": [],
        "DependentFeaturesForDisabling": ["CMET Bulk Edit","MG Compliance Initiate Editor"],

        "ConfigurationDependenciesForEnabling": [
            {
                "ComponentName": "AzSK-AzTS-WebApi-",
                "Configuration": [
                    {
                        "ConfigurationName": "FeatureManagement__OrgPolicy",
                        "ConfigurationValue": "true"
                    },
                    {
                        "ConfigurationName": "FeatureManagement__AddNewControl",
                        "ConfigurationValue": "true"
                    },
                    {
                        "ConfigurationName": "FeatureManagement__PolicyStates",
                        "ConfigurationValue": "true"
                    },
                    {
                        "ConfigurationName": "UIConfigurations__ControlEditorFeatureConfiguration__IsAddNewControlEnabled",
                        "ConfigurationValue": "true"
                    },
                    {
                        "ConfigurationName": "UIConfigurations__ControlEditorFeatureConfiguration__IsEnabled",
                        "ConfigurationValue": "true"
                    },
                    {
                        "ConfigurationName": "WorkItemProcessorSettings__AppName",
                        "ConfigurationValue": "##AppName##"
                    },
                    {
                        "ConfigurationName": "WorkItemProcessorSettings__HostResourceGroupName",
                        "ConfigurationValue": "##HostResourceGroupName##"
                    },
                    {
                        "ConfigurationName": "WorkItemProcessorSettings__HostSubscriptionId",
                        "ConfigurationValue": "##HostSubscriptionId##"
                    }
                ]
            },
            {
                "ComponentName": "AzSK-AzTS-MetaDataAggregator-",
                "Configuration": [
                    {
                        "ConfigurationName": "FeatureManagement__OrgPolicy",
                        "ConfigurationValue": "true"
                    },
                    {
                        "ConfigurationName": "FeatureManagement__PolicyStates",
                        "ConfigurationValue": "true"
                    }
                ]
            },
            {
                "ComponentName": "AzSK-AzTS-WorkItemProcessor-",
                "Configuration": [
                    {
                        "ConfigurationName": "FeatureManagement__OrgPolicy",
                        "ConfigurationValue": "true"
                    },
                    {
                        "ConfigurationName": "FeatureManagement__PolicyStates",
                        "ConfigurationValue": "true"
                    }
                ]
            }
        ],
        "ConfigurationDependenciesForDisabling": [
            {
                "ComponentName": "AzSK-AzTS-WebApi-",
                "Configuration": [
                    {
                        "ConfigurationName": "FeatureManagement__OrgPolicy",
                        "ConfigurationValue": "false"
                    },
                    {
                        "ConfigurationName": "FeatureManagement__AddNewControl",
                        "ConfigurationValue": "false"
                    },
                    {
                        "ConfigurationName": "FeatureManagement__PolicyStates",
                        "ConfigurationValue": "false"
                    },
                    {
                        "ConfigurationName": "UIConfigurations__ControlEditorFeatureConfiguration__IsAddNewControlEnabled",
                        "ConfigurationValue": "false"
                    },
                    {
                        "ConfigurationName": "UIConfigurations__ControlEditorFeatureConfiguration__IsEnabled",
                        "ConfigurationValue": "false"
                    } 
                ]
            },
            {
                "ComponentName": "AzSK-AzTS-MetaDataAggregator-",
                "Configuration": [
                    {
                        "ConfigurationName": "FeatureManagement__OrgPolicy",
                        "ConfigurationValue": "false"
                    },
                    {
                        "ConfigurationName": "FeatureManagement__PolicyStates",
                        "ConfigurationValue": "false"
                    }
                ]
            },
            {
                "ComponentName": "AzSK-AzTS-WorkItemProcessor-",
                "Configuration": [
                    {
                        "ConfigurationName": "FeatureManagement__OrgPolicy",
                        "ConfigurationValue": "false"
                    },
                    {
                        "ConfigurationName": "FeatureManagement__PolicyStates",
                        "ConfigurationValue": "false"
                    }
                ]
            }
        ]
    },
    {
        "FeatureName": "CMET Bulk Edit",
        "DependentFeaturesForEnabling": ["CMET"], 
        "DependentFeaturesForDisabling": [],
        "ConfigurationDependenciesForEnabling": [
            {
                "ComponentName": "AzSK-AzTS-WebApi-",
                "Configuration": [
                    {
                        "ConfigurationName": "FeatureManagement__BulkEdit",
                        "ConfigurationValue": "true"
                    },
                    {
                        "ConfigurationName": "UIConfigurations__ControlEditorFeatureConfiguration__IsBulkEditEnabled",
                        "ConfigurationValue": "true"
                    }
                ]
            }
        ],
        "ConfigurationDependenciesForDisabling": [
            {
                "ComponentName": "AzSK-AzTS-WebApi-",
                "Configuration": [
                    {
                        "ConfigurationName": "FeatureManagement__BulkEdit",
                        "ConfigurationValue": "false"
                    },
                    {
                        "ConfigurationName": "UIConfigurations__ControlEditorFeatureConfiguration__IsBulkEditEnabled",
                        "ConfigurationValue": "false"
                    }
                ]
            }
        ]
    },
    {
        "FeatureName": "MG Processor",
        "DependentFeaturesForEnabling": ["CMET"], 
        "DependentFeaturesForDisabling": ["MG Compliance Initiate Editor"],
        "ConfigurationDependenciesForEnabling": [             
            {
                "ComponentName": "AzSK-AzTS-MetaDataAggregator-",
                "Configuration": [
                    {
                        "ConfigurationName": "FeatureManagement__ManagementGroups",
                        "ConfigurationValue": "false"
                    }
                ]
            }
        ],
        "ConfigurationDependenciesForDisabling": [
            {
                "ComponentName": "AzSK-AzTS-MetaDataAggregator-",
                "Configuration": [
                    {
                        "ConfigurationName": "FeatureManagement__ManagementGroups",
                        "ConfigurationValue": "false"
                    }
                ]
            }
        ]
    },
    {
        "FeatureName": "PIM API",
        "DependentFeaturesForEnabling": [], 
        "DependentFeaturesForDisabling": ["MG Compliance Initiate Editor"],
        "ConfigurationDependenciesForEnabling": [             
            {
                "ComponentName": "AzSK-AzTS-MetaDataAggregator-",
                "Configuration": [
                    {
                        "ConfigurationName": "AuthzSettings__IsPIMEnabled",
                        "ConfigurationValue": "false"
                    }
                ]
            }
        ],
        "ConfigurationDependenciesForDisabling": [
            {
                "ComponentName": "AzSK-AzTS-MetaDataAggregator-",
                "Configuration": [
                    {
                        "ConfigurationName": "AuthzSettings__IsPIMEnabled",
                        "ConfigurationValue": "false"
                    }
                ]
            }
        ]
    },
    {
        "FeatureName": "MG Compliance Initiate Editor",
        "DependentFeaturesForEnabling": ["CMET","MG Processor","PIM API"], 
        "DependentFeaturesForDisabling": [],
        "ConfigurationDependenciesForEnabling": [
            {
                "ComponentName": "AzSK-AzTS-WebApi-",
                "Configuration": [
                    {
                        "ConfigurationName": "UIConfigurations__complianceInitiativeFeatureConfiguration__IsEnabled",
                        "ConfigurationValue": "true"
                    },
                    {
                        "ConfigurationName": "UIConfigurations__IsManagementGroupFilterEnabled",
                        "ConfigurationValue": "true"
                    }
                ]
            }
        ],
        "ConfigurationDependenciesForDisabling": [
            {
                "ComponentName": "AzSK-AzTS-WebApi-",
                "Configuration": [
                    {
                        "ConfigurationName": "UIConfigurations__complianceInitiativeFeatureConfiguration__IsEnabled",
                        "ConfigurationValue": "false"
                    },
                    {
                        "ConfigurationName": "UIConfigurations__IsManagementGroupFilterEnabled",
                        "ConfigurationValue": "false"
                    }
                ]
            }
        ]
    }
]