{
    "Description": "Specifies metadata about Remediation scripts",
    "RemediationScriptsBaseUrl": "https://aka.ms/azts/remediation/",
    "RemediationSpecification": [
        {
            "ControlId": "Azure_BackupVault_DP_Enable_Soft_Delete",
            "EnableRemediation": "true",
            "RemediationScriptUrl": "https://raw.githubusercontent.com/azsk/AzTS-docs/main/Scripts/RemediationScripts/Remediate-EnableSoftDeleteForBackupVault.ps1",
            "LoadCommand": "Remediate-EnableSoftDeleteForBackupVault.ps1",
            "InitCommand": "Set-SoftDeleteForBackupVault",
            "RollbackMetadata": {
                "RollbackCommand": "",
                "Arguments": [
                    ""
                ]
            }
        },
        {
            "ControlId": "Azure_BackupVault_DP_Enable_Immutability",
            "EnableRemediation": "true",
            "RemediationScriptUrl": "https://raw.githubusercontent.com/azsk/AzTS-docs/main/Scripts/RemediationScripts/Remediate-EnableImmutabilitySettingForBackupVault.ps1",
            "LoadCommand": "Remediate-EnableImmutabilitySettingForBackupVault.ps1",
            "InitCommand": "Set-ImmutabilityForBackupVault",
            "RollbackMetadata": {
                "RollbackCommand": "",
                "Arguments": [
                    ""
                ]
            }
        },
        {
            "ControlId": "Azure_Storage_AuthN_Dont_Allow_Anonymous",
            "EnableRemediation": "true",
            "RemediationScriptUrl": "https://raw.githubusercontent.com/azsk/AzTS-docs/main/Scripts/RemediationScripts/Remediate-AnonymousAccessOnContainers.ps1",
            "LoadCommand": "Remediate-AnonymousAccessOnContainers.ps1",
            "InitCommand": "Remove-AnonymousAccessOnContainers",
            "RollbackMetadata": {
                "RollbackCommand": "Set-AnonymousAccessOnContainers",
                "Arguments": [
                    "SubscriptionId",
                    "RollBackType"
                ]
            }
        },
        {
            "ControlId": "Azure_Storage_DP_Encrypt_In_Transit",
            "EnableRemediation": "true",
            "RemediationScriptUrl": "https://raw.githubusercontent.com/azsk/AzTS-docs/main/Scripts/RemediationScripts/Remediate-EnableEncryptionInTransitForStorageAccounts.ps1",
            "LoadCommand": "Remediate-EnableEncryptionInTransitForStorageAccounts.ps1",
            "InitCommand": "Enable-StorageEncryptionInTransit",
            "RollbackMetadata": {
                "RollbackCommand": "Disable-StorageEncryptionInTransit",
                "Arguments": [
                    "SubscriptionId"
                ]
            }
        },
        {
            "ControlId": "Azure_AppService_Config_Disable_Remote_Debugging",
            "EnableRemediation": "true",
            "RemediationScriptUrl": "https://raw.githubusercontent.com/azsk/AzTS-docs/main/Scripts/RemediationScripts/Remediate-DisableRemoteDebuggingForAppServices.ps1",
            "LoadCommand": "Remediate-DisableRemoteDebuggingForAppServices.ps1",
            "InitCommand": "Disable-RemoteDebuggingForAppServices",
            "RollbackMetadata": {
                "RollbackCommand": "Enable-RemoteDebuggingForAppServices",
                "Arguments": [
                    "SubscriptionId"
                ]
            }
        },
        {
            "ControlId": "Azure_AppService_DP_Dont_Allow_HTTP_Access",
            "EnableRemediation": "true",
            "RemediationScriptUrl": "https://raw.githubusercontent.com/azsk/AzTS-docs/main/Scripts/RemediationScripts/Remediate-EnableHTTPSForAppServices.ps1",
            "LoadCommand": "Remediate-EnableHTTPSForAppServices.ps1",
            "InitCommand": "Enable-HttpsForAppServices",
            "RollbackMetadata": {
                "RollbackCommand": "Disable-HttpsForAppServices",
                "Arguments": [
                    "SubscriptionId"
                ]
            }
        },
        {
            "ControlId": "Azure_AppService_DP_Use_Secure_TLS_Version",
            "EnableRemediation": "true",
            "RemediationScriptUrl": "https://raw.githubusercontent.com/azsk/AzTS-docs/main/Scripts/RemediationScripts/Remediate-SetAppServiceMinReqTLSVersion.ps1",
            "LoadCommand": "Remediate-SetAppServiceMinReqTLSVersion.ps1",
            "InitCommand": "Set-AppServiceRequiredTLSVersion",
            "RollbackMetadata": {
                "RollbackCommand": "Reset-AppServiceRequiredTLSVersion",
                "Arguments": [
                    "SubscriptionId"
                ]
            }
        },
        {
            "ControlId": "Azure_ContainerRegistry_Config_Enable_Security_Scanning",
            "EnableRemediation": "true",
            "RemediationScriptUrl": "https://raw.githubusercontent.com/azsk/AzTS-docs/main/Scripts/RemediationScripts/Remediate-EnableSecurityScanningForContainerRegistry.ps1",
            "LoadCommand": "Remediate-EnableSecurityScanningForContainerRegistry.ps1",
            "InitCommand": "Enable-SecurityScanningIdentityForContainerRegistry",
            "RollbackMetadata": {
                "RollbackCommand": "Disable-SecurityScanningIdentityForContainerRegistry",
                "Arguments": [
                    "SubscriptionId"
                ]
            }
        },
        {
            "ControlId": "Azure_KubernetesService_AuthN_Enabled_Microsoft_Entra_ID",
            "EnableRemediation": "true",
            "RemediationScriptUrl": "https://raw.githubusercontent.com/azsk/AzTS-docs/main/Scripts/RemediationScripts/Remediate-EnableAADForKubernetesService.ps1",
            "LoadCommand": "Remediate-EnableAADForKubernetesService.ps1",
            "InitCommand": "Enable-AADForKubernetes",
            "RollbackMetadata": {
                "RollbackCommand": "",
                "Arguments": [
                    "SubscriptionId"
                ]
            }
        },
        {
            "ControlId": "Azure_APIManagement_AuthN_Use_Microsoft_Entra_ID_for_Client_AuthN",
            "EnableRemediation": "true",
            "RemediationScriptUrl": "https://raw.githubusercontent.com/azsk/AzTS-docs/main/Scripts/RemediationScripts/Remediate-DeleteNonAADIdentityProvidersInAPIManagementServices.ps1",
            "LoadCommand": "Remediate-DeleteNonAADIdentityProvidersInAPIManagementServices.ps1",
            "InitCommand": "Delete-NonAadIdentityProvidersInApiManagementServices",
            "RollbackMetadata": {
                "RollbackCommand": "",
                "Arguments": [
                    "SubscriptionId"
                ]
            }
        },
        {
            "ControlId": "Azure_APIManagement_DP_Use_HTTPS_URL_Scheme",
            "EnableRemediation": "true",
            "RemediationScriptUrl": "https://raw.githubusercontent.com/azsk/AzTS-docs/main/Scripts/RemediationScripts/Remediate-EnableHTTPSForAPIsInAPIManagementServices.ps1",
            "LoadCommand": "Remediate-EnableHTTPSForAPIsInAPIManagementServices.ps1",
            "InitCommand": "Enable-HttpsForApisInApiManagementServices",
            "RollbackMetadata": {
                "RollbackCommand": "Disable-HttpsForApisInApiManagementServices",
                "Arguments": [
                    "SubscriptionId"
                ]
            }
        },
        {
            "ControlId": "Azure_SQLDatabase_DP_Enable_TDE",
            "EnableRemediation": "true",
            "RemediationScriptUrl": "https://raw.githubusercontent.com/azsk/AzTS-docs/main/Scripts/RemediationScripts/Remediate-TransparentDataEncryptionForSQLServers.ps1",
            "LoadCommand": "Remediate-TransparentDataEncryptionForSQLServers.ps1",
            "InitCommand": "Enable-TransparentDataEncryptionForSqlServers",
            "RollbackMetadata": {
                "RollbackCommand": "Disable-TransparentDataEncryptionForSqlServers",
                "Arguments": [
                    "SubscriptionId"
                ]
            }
        },
        {
            "ControlId": "Azure_CloudService_SI_Disable_RemoteDesktop_Access",
            "EnableRemediation": "true",
            "RemediationScriptUrl": "https://raw.githubusercontent.com/azsk/AzTS-docs/main/Scripts/RemediationScripts/Remediate-RemoteDesktopAccess.ps1",
            "LoadCommand": "Remediate-RemoteDesktopAccess.ps1",
            "InitCommand": "Disable-RemoteDesktopAccess",
            "RollbackMetadata": {
                "RollbackCommand": "",
                "Arguments": [
                    "SubscriptionId"
                ]
            }
        },
        {
            "ControlId": "Azure_ServiceFabric_DP_Set_Property_ClusterProtectionLevel",
            "EnableRemediation": "true",
            "RemediationScriptUrl": "https://raw.githubusercontent.com/azsk/AzTS-docs/main/Scripts/RemediationScripts/Remediate-SetClusterProtectionLevelForServiceFabric.ps1",
            "LoadCommand": "Remediate-SetClusterProtectionLevelForServiceFabric.ps1",
            "InitCommand": "Set-ClusterProtectionLeveltoEncryptandSignforServiceFabric",
            "RollbackMetadata": {
                "RollbackCommand": "Set-ClusterProtectionLeveltoPreviousValueforServiceFabric",
                "Arguments": [
                    "SubscriptionId",
                    "RollBackType"
                ]
            }
        },
        {
            "ControlId": "Azure_AppService_DP_Use_Secure_FTP_Deployment",
            "EnableRemediation": "true",
            "RemediationScriptUrl": "https://raw.githubusercontent.com/azsk/AzTS-docs/main/Scripts/RemediationScripts/Remediate-SecureFTPDeploymentForAppServices.ps1",
            "LoadCommand": "Remediate-SecureFTPDeploymentForAppServices.ps1",
            "InitCommand": "Enable-SecureFTPDeploymentForAppServices",
            "RollbackMetadata": {
                "RollbackCommand": "Disable-SecureFTPDeploymentForAppServices",
                "Arguments": [
                    "SubscriptionId"
                ]
            }
        },
        {
            "ControlId": "Azure_DBForMySQLFlexibleServer_DP_Enable_SSL",
            "EnableRemediation": "true",
            "RemediationScriptUrl": "https://raw.githubusercontent.com/azsk/AzTS-docs/main/Scripts/RemediationScripts/Remediate-EnableSSLDBForMySQLFlexibleServer.ps1",
            "LoadCommand": "Remediate-EnableSSLDBForMySQLFlexibleServer.ps1",
            "InitCommand": "Enable-SSLForDBForMySQLFlexibleServer",
            "RollbackMetadata": {
                "RollbackCommand": "Disable-SSLForDBForMySQLFlexibleServer",
                "Arguments": [
                    "SubscriptionId"
                ]
            }
        },
        {
            "ControlId": "Azure_Storage_DP_Use_Secure_TLS_Version",
            "EnableRemediation": "true",
            "RemediationScriptUrl": "https://raw.githubusercontent.com/azsk/AzTS-docs/main/Scripts/RemediationScripts/Remediate-SetStorageAccountMinReqTLSVersion.ps1",
            "LoadCommand": "Remediate-SetStorageAccountMinReqTLSVersion.ps1",
            "InitCommand": "Set-StorageAccountRequiredTLSVersion",
            "RollbackMetadata": {
                "RollbackCommand": "Reset-StorageAccountRequiredTLSVersion",
                "Arguments": [
                    "SubscriptionId"
                ]
            }
        },
        {
            "ControlId": "Azure_SQLDatabase_DP_Use_Secure_TLS_Version",
            "EnableRemediation": "true",
            "RemediationScriptUrl": "https://raw.githubusercontent.com/azsk/AzTS-docs/main/Scripts/RemediationScripts/Remediate-SetSQLServerMinReqTLSVersion.ps1",
            "LoadCommand": "Remediate-SetSQLServerMinReqTLSVersion.ps1",
            "InitCommand": "Set-SQLServerRequiredTLSVersion",
            "RollbackMetadata": {
                "RollbackCommand": "Reset-SQLServerRequiredTLSVersion",
                "Arguments": [
                    "SubscriptionId"
                ]
            }
        },
        {
            "ControlId": "Azure_ServiceBus_DP_Use_Secure_TLS_Version",
            "EnableRemediation": "true",
            "RemediationScriptUrl": "https://raw.githubusercontent.com/azsk/AzTS-docs/main/Scripts/RemediationScripts/Remediate-SetServiceBusMinReqTLSVersion.ps1",
            "LoadCommand": "Remediate-SetServiceBusMinReqTLSVersion.ps1",
            "InitCommand": "Set-SecureTLSVersionForServiceBusNamespaces",
            "RollbackMetadata": {
                "RollbackCommand": "Reset-SecureTLSVersionForServiceBusNamespaces",
                "Arguments": [
                    "SubscriptionId"
                ]
            }
        },
        {
            "ControlId": "Azure_Storage_AuthZ_Set_SAS_Expiry_Interval",
            "EnableRemediation": "true",
            "RemediationScriptUrl": "https://raw.githubusercontent.com/azsk/AzTS-docs/main/Scripts/RemediationScripts/Remediate-SASExpiryIntervalForStorageAccounts.ps1",
            "LoadCommand": "Remediate-SASExpiryIntervalForStorageAccounts.ps1",
            "InitCommand": "Set-SASExpiryInterval",
            "RollbackMetadata": {
                "RollbackCommand": "Reset-SASExpiryInterval",
                "Arguments": [
                    "SubscriptionId"
                ]
            }
        },
        {
            "ControlId": "Azure_SQLManagedInstance_DP_Use_Secure_TLS_Version",
            "EnableRemediation": "true",
            "RemediationScriptUrl": "https://raw.githubusercontent.com/azsk/AzTS-docs/main/Scripts/RemediationScripts/Remediate-SetSQLServerMinReqTLSVersion.ps1",
            "LoadCommand": "Remediate-SetSQLManagedInstanceMinReqTLSVersion.ps1",
            "InitCommand": "Set-SQLManagedInstanceRequiredTLSVersion",
            "RollbackMetadata": {
                "RollbackCommand": "Reset-SQLManagedInstanceRequiredTLSVersion",
                "Arguments": [
                    ""
                ]
            }
        },
        {
            "ControlId": "Azure_EventHub_DP_Use_Secure_TLS_Version",
            "EnableRemediation": "true",
            "RemediationScriptUrl": "https://raw.githubusercontent.com/azsk/AzTS-docs/main/Scripts/RemediationScripts/Remediate-SetEventHubNamespaceMinTLSVersion.ps1",
            "LoadCommand": "Remediate-SetEventHubNamespaceMinTLSVersion.ps1",
            "InitCommand": "Set-MinTLSVersionForEventHubNamespace",
            "RollbackMetadata": {
                "RollbackCommand": "Reset-TLSVersionForEventHubNamespace",
                "Arguments": [
                    "SubscriptionId"
                ]
            }
        },
        {
            "ControlId": "Azure_DBForMySQLFlexibleServer_DP_Use_Secure_TLS_Version",
            "EnableRemediation": "true",
            "RemediationScriptUrl": "https://raw.githubusercontent.com/azsk/AzTS-docs/main/Scripts/RemediationScripts/Remediate-SetDBForMySQLFlexibleServerMinReqTLSVersion.ps1",
            "LoadCommand": "Remediate-SetDBForMySQLFlexibleServerMinReqTLSVersion.ps1",
            "InitCommand": "Set-SecureTLSVersionForDBForMySQLFlexibleServer",
            "RollbackMetadata": {
                "RollbackCommand": "Reset-SecureTLSVersionForDBForMySQLFlexibleServer",
                "Arguments": [
                    "SubscriptionId"
                ]
            }
        },
        {
            "ControlId": "Azure_AutomationAccounts_DP_Encrypt_Variables",
            "EnableRemediation": "true",
            "RemediationScriptUrl": "https://raw.githubusercontent.com/azsk/AzTS-docs/main/Scripts/RemediationScripts/Remediate-EncryptAutomationAccountVariables.ps1",
            "LoadCommand": "Remediate-EncryptAutomationAccountVariables.ps1",
            "InitCommand": "Encrypt-AutomationAccountVariables",
            "RollbackMetadata": {
                "RollbackCommand": "",
                "Arguments": [
                    ""
                ]
            }
        },
        {
            "ControlId": "Azure_SQLServer_AuthN_Dont_Allow_Public_Network_Access",
            "EnableRemediation": "true",
            "RemediationScriptUrl": "https://raw.githubusercontent.com/azsk/AzTS-docs/main/Scripts/RemediationScripts/Remediate-DisablePublicNetworkAccessOnSqlServer.ps1",
            "LoadCommand": "Remediate-DisablePublicNetworkAccessOnSqlServer.ps1",
            "InitCommand": "Disable-SQLServerPublicNetworkAccess",
            "RollbackMetadata": {
                "RollbackCommand": "Enable-SQLServerPublicNetworkAccess",
                "Arguments": [
                    "SubscriptionId"
                ]
            }
        },
        {
            "ControlId": "Azure_KubernetesService_AuthN_Disable_Local_Accounts",
            "EnableRemediation": "true",
            "RemediationScriptUrl": "https://raw.githubusercontent.com/azsk/AzTS-docs/main/Scripts/RemediationScripts/Remediate-DisableLocalAccountsForKubernetesService.ps1",
            "LoadCommand": "Remediate-DisableLocalAccountsForKubernetesService.ps1",
            "InitCommand": "Disable-LocalAccountsForKubernetes",
            "RollbackMetadata": {
                "RollbackCommand": "",
                "Arguments": [
                    "SubscriptionId"
                ]
            }
        },
        {
            "ControlId": "Azure_RedisCache_DP_Use_Secure_TLS_Version",
            "EnableRemediation": "true",
            "RemediationScriptUrl": "https://raw.githubusercontent.com/azsk/AzTS-docs/main/Scripts/RemediationScripts/Remediate-SetRedisCacheMinReqTLSVersion.ps1",
            "LoadCommand": "Remediate-SetRedisCacheMinReqTLSVersion.ps1",
            "InitCommand": "Set-RedisCacheMinReqTLSVersion",
            "RollbackMetadata": {
                "RollbackCommand": "Reset-RedisCacheMinReqTLSVersion",
                "Arguments": [
                    "SubscriptionId"
                ]
            }
        },
        {
            "ControlId": "Azure_Bastion_AuthZ_Disable_Shareable_Link",
            "EnableRemediation": "true",
            "RemediationScriptUrl": "https://raw.githubusercontent.com/azsk/AzTS-docs/main/Scripts/RemediationScripts/Remediate-DisableBastionShareableLink.ps1",
            "LoadCommand": "Remediate-DisableBastionShareableLink.ps1",
            "InitCommand": "Disable-BastionShareableLink",
            "RollbackMetadata": {
                "RollbackCommand": "Enable-BastionShareableLink",
                "Arguments": [
                    "SubscriptionId"
                ]
            }
        },
        {
            "ControlId": "Azure_AVD_SI_Configure_HostPool_SecureBoot",
            "EnableRemediation": "true",
            "RemediationScriptUrl": "https://raw.githubusercontent.com/azsk/AzTS-docs/main/Scripts/RemediationScripts/Remediate-TrustedLaunchforAVDHostPool.ps1",
            "LoadCommand": "Remediate-TrustedLaunchforAVDHostPool.ps1",
            "InitCommand": "Enable-AVDHostPoolSecureBootAndvTPM",
            "RollbackMetadata": {
                "RollbackCommand": "Disable-AVDHostPoolSecureBootAndvTPM",
                "Arguments": [
                    "SubscriptionId"
                ]
            }
        },
        {
            "ControlId": "Azure_AVD_Audit_Enable_HostPool_BootDiagnostics",
            "EnableRemediation": "true",
            "RemediationScriptUrl": "https://raw.githubusercontent.com/azsk/AzTS-docs/main/Scripts/RemediationScripts/Remediate-BootDiagnosticsforAVDHostPool.ps1",
            "LoadCommand": "Remediate-BootDiagnosticsforAVDHostPool.ps1",
            "InitCommand": "Enable-AVDHostPoolBootDiagnosticWithManagedStorageAccount",
            "RollbackMetadata": {
                "RollbackCommand": "Disable-AVDHostPoolBootDiagnosticWithManagedStorageAccount",
                "Arguments": [
                    "SubscriptionId"
                ]
            }
        },
        {
            "ControlId": "Azure_VirtualMachineScaleSet_SI_Enforce_Automatic_Upgrade_Policy",
            "EnableRemediation": "true",
            "RemediationScriptUrl": "https://raw.githubusercontent.com/azsk/AzTS-docs/main/Scripts/RemediationScripts/Remediate-ConfigureUpgradePolicyModeForVMSS.ps1",
            "LoadCommand": "Remediate-ConfigureUpgradePolicyModeForVMSS.ps1",
            "InitCommand": "Configure-UpgradePolicyMode",
            "RollbackMetadata": {
                "RollbackCommand": "Reset-UpgradePolicyMode",
                "Arguments": [
                    "SubscriptionId"
                ]
            }
        },
        {
            "ControlId": "Azure_AISearch_AuthZ_Enable_Role_Based_API_Access_Only",
            "EnableRemediation": "true",
            "RemediationScriptUrl": "https://raw.githubusercontent.com/azsk/AzTS-docs/main/Scripts/RemediationScripts/Remediate-ConfigureRoleBasedAPIAcessOnlyForAISearch.ps1",
            "LoadCommand": "Remediate-ConfigureRoleBasedAPIAcessOnlyForAISearch.ps1",
            "InitCommand": "Configure-RBACAPIAccessOnly",
            "RollbackMetadata": {
                "RollbackCommand": "Reset-APIAccess",
                "Arguments": [
                    "SubscriptionId"
                ]
            }
        },
        {
            "ControlId": "Azure_AppService_AuthN_FTP_and_SCM_Access_Disable_Basic_Auth",
            "EnableRemediation": "true",
            "RemediationScriptUrl": "https://raw.githubusercontent.com/azsk/AzTS-docs/main/Scripts/RemediationScripts/Remediate-DisableBasicAuthForAppServices.ps1",
            "LoadCommand": "Remediate-DisableBasicAuthForAppServices.ps1",
            "InitCommand": "Disable-BasicAuthForAppServices",
            "RollbackMetadata": {
                "RollbackCommand": "Enable-BasicAuthForAppServices",
                "Arguments": [
                    "SubscriptionId"
                ]
            }
        },
        {
            "ControlId": "Azure_SynapseWorkspace_AuthN_SQL_Pools_Use_Microsoft_Entra_ID_Only",
            "EnableRemediation": "true",
            "RemediationScriptUrl": "https://raw.githubusercontent.com/azsk/AzTS-docs/main/Scripts/RemediationScripts/Remediate-EnableEntraIdAuthenticationOnlyForSynapseWorkspace.ps1",
            "LoadCommand": "Remediate-EnableEntraIdAuthenticationOnlyForSynapseWorkspace.ps1",
            "InitCommand": "Enable-MSEntraIDOnlyAuthenticationForSynapseWorkspace",
            "RollbackMetadata": {
                "RollbackCommand": "Disable-MSEntraIDOnlyAuthenticationForSynapseWorkspaces",
                "Arguments": [
                    "SubscriptionId"
                ]
            }
        },
        {
            "ControlId": "Azure_DBForPostgreSQLFlexibleServer_DP_Use_Secure_TLS_Version",
            "EnableRemediation": "true",
            "RemediationScriptUrl": "https://raw.githubusercontent.com/azsk/AzTS-docs/main/Scripts/RemediationScripts/Remediate-SetDBForPostgreSQLFlexibleServerMinReqTLSVersion.ps1",
            "LoadCommand": "Remediate-SetDBForPostgreSQLFlexibleServerMinReqTLSVersion.ps1",
            "InitCommand": "Set-SecureTLSVersionForDBForPostgreSQLFlexibleServer",
            "RollbackMetadata": {
                "RollbackCommand": "Reset-SecureTLSVersionForDBForPostgreSQLFlexibleServer",
                "Arguments": [
                    "SubscriptionId"
                ]
            }
        },
        {
            "ControlId": "Azure_RedisEnterprise_DP_Use_TLS_Encrypted_Connections",
            "EnableRemediation": "true",
            "RemediationScriptUrl": "https://raw.githubusercontent.com/azsk/AzTS-docs/main/Scripts/RemediationScripts/Remediate-SetRedisEnterpriseTLSEncryptedConnections.ps1",
            "LoadCommand": "Remediate-SetRedisEnterpriseTLSEncryptedConnections.ps1",
            "InitCommand": "Set-SecureTLSEncryptedConnectionsForRedisEnterprise",
            "RollbackMetadata": {
                "RollbackCommand": "Reset-SecureTLSEncryptedConnectionsForRedisEnterprise",
                "Arguments": [
                    "SubscriptionId"
                ]
            }
        },
        {
            "ControlId": "Azure_DBforPostgreSQL_DP_Use_Secure_TLS_Version",
            "EnableRemediation": "true",
            "RemediationScriptUrl": "https://raw.githubusercontent.com/azsk/AzTS-docs/main/Scripts/RemediationScripts/Remediate-SetDBForPostgreSQLSingleServerMinReqTLSVersion.ps1",
            "LoadCommand": "Remediate-SetDBForPostgreSQLSingleServerMinReqTLSVersion.ps1",     
            "InitCommand": "Set-SecureTLSVersionForDBForPostgreSQLSingleServer",
            "RollbackMetadata":
            {
                    "RollbackCommand": "Reset-SecureTLSVersionForDBForPostgreSQLSingleServer",
                    "Arguments": ["SubscriptionId"]
            }
        },
        {
            "ControlId": "Azure_RecoveryServicesVault_DP_Enable_Immutability",
            "EnableRemediation": "true",
            "RemediationScriptUrl": "https://raw.githubusercontent.com/azsk/AzTS-docs/main/Scripts/RemediationScripts/Remediate-EnableImmutabilitySettingForRecoveryServiceVault.ps1",
            "LoadCommand": "Remediate-EnableImmutabilitySettingForRecoveryServiceVault.ps1",
            "InitCommand": "Set-ImmutabilityForRecoveryServiceVault",
            "RollbackMetadata": {
                "RollbackCommand": "",
                "Arguments": [
                    ""
                ]
            }
        },
        {
            "ControlId": "Azure_RecoveryServicesVault_DP_Enable_Soft_Delete",
            "EnableRemediation": "true",
            "RemediationScriptUrl": "https://raw.githubusercontent.com/azsk/AzTS-docs/main/Scripts/RemediationScripts/Remediate-EnableSoftDeleteForRecoveryServicesVault.ps1",
            "LoadCommand": "Remediate-EnableSoftDeleteForRecoveryServicesVault.ps1",
            "InitCommand": "Set-SoftDeleteForRecoveryServicesVault",
            "RollbackMetadata": {
                "RollbackCommand": "",
                "Arguments": [
                    ""
                ]
            }
        },
        {
            "ControlId": "Azure_IoTHub_DP_Use_Secure_TLS_Version",
            "EnableRemediation": "true",
            "RemediationScriptUrl": "https://raw.githubusercontent.com/azsk/AzTS-docs/main/Scripts/RemediationScripts/Remediate-ConfigureIoTHubTLSVersion.ps1",
            "LoadCommand": "Remediate-ConfigureIoTHubTLSVersion.ps1",
            "InitCommand": "Set-MinTLSVersionForIoTHub ",
            "RollbackMetadata": {
                "RollbackCommand": "Reset-MinTLSVersionForIoTHub ",
                "Arguments": ["SubscriptionId"]
            }
        },
        {
            "ControlId": "Azure_ServiceBus_AuthN_Disable_Local_Auth",
            "EnableRemediation": "true",
            "RemediationScriptUrl": "https://raw.githubusercontent.com/azsk/AzTS-docs/main/Scripts/RemediationScripts/Remediate-DisableBasicAuthForServiceBusNamespaces.ps1",
            "LoadCommand": "Remediate-DisableBasicAuthForServiceBusNamespaces.ps1",
            "InitCommand": "Disable-LocalAuthForServiceBusNamespaces",
            "RollbackMetadata": {
                "RollbackCommand": "Reset-LocalAuthForServiceBusNamespaces",
                "Arguments": [
                    "SubscriptionId"
                ]
            }
        }
        ,
        {
            "ControlId": "Azure_AppService_DP_Configure_EndToEnd_TLS",
            "EnableRemediation": "true",
            "RemediationScriptUrl": "https://raw.githubusercontent.com/azsk/AzTS-docs/main/Scripts/RemediationScripts/Remediate-EnableAppServicEendToEndEncryption.ps1",
            "LoadCommand": "Remediate-EnableAppServicEendToEndEncryption.ps1",
            "InitCommand": "Enable-EndToEndTLSForAppServices",
            "RollbackMetadata": {
                "RollbackCommand": "Reset-EndToEndTLSForAppServices",
                "Arguments": ["SubscriptionId"]
            }
        }
    ]
}