{{
    "subscriptions": {0},
    "managementGroups": null,
    "query": "securityresources | where type == 'microsoft.security/assessments'| project AssessmentID = name,DisplayName = tostring(properties.displayName),Tactics = tostring(properties.metadata.tactics),Techniques = tostring(properties.metadata.techniques),Description = tostring(properties.metadata.description),Severity = tostring(properties.metadata.severity),Categories = tostring(properties.metadata.categories),Link = tostring(properties.links.azurePortal),OrgTenantId = tostring(tenantId)| where isnotempty(Tactics) and isnotempty( Techniques)| distinct  OrgTenantId, AssessmentID, DisplayName, Techniques, Tactics, Severity, Description, Categories",
    "options": {{
        "$skipToken": "",
        "$top": null,
        "$skip": null,
        "resultFormat": "objectArray",
        "allowPartialScopes": null
     }},
    "facets": null
}}