{
  "FeatureName": "BotServices",
  "Reference": "",
  "IsMaintenanceMode": false,
  "Controls": [
    {
      "ControlID": "Azure_BotServices_NetSec_Dont_Allow_Public_Network_Access",
      "Description": "Public network access must be disabled on Bot Services",
      "Id": "BotServices100",
      "ControlSeverity": "Medium",
      "Automated": "Yes",
      "MethodName": "CheckPublicNetworkAccess",
      "DisplayName": "Public network access must be disabled on Bot Services",
      "Category": "Deploy controls to restrict network traffic",
      "ControlRequirements": "Restrict network traffic flows",
      "ControlScanSource": "Reader",
      "Rationale": "Enabling Public Network Access for Bot services can lead to the risk of data leakage",
      "Recommendation": "To remediate, disable public network access on your Bot Service and use Private Endpoints to Access. Refer link: https://learn.microsoft.com/en-us/azure/bot-service/dl-network-isolation-how-to?view=azure-bot-service",
      "Tags": [
        "Automated",
        "NetSec",
        "BotServices"
      ],
      "Enabled": true,
      "CustomTags": [
        "Weekly",
        "AIBaseline"
      ]
    }
  ]
}
