[
  {
    "WorkflowName": "FullTenantScan",
    "Rules": [
      {
        "RuleName": "AllEnabledSubsSkipNBControls",
        "SuccessEvent": "{ \"Tags\": \"Daily\"}",
        "ErrorMessage": "One or more adjust rules failed.",
        "ErrorType": "Error",
        "RuleExpressionType": "LambdaExpression",
        "Expression": "State != \"Disabled\" AND !Timestamp.StartsWith(\"Mon\")"
      },
      {
        "RuleName": "AllEnabledSubsAllActiveControls",
        "SuccessEvent": "{ \"Tags\": \"Daily,Weekly\" }",
        "ErrorMessage": "One or more adjust rules failed.",
        "ErrorType": "Error",
        "RuleExpressionType": "LambdaExpression",
        "Expression": "State != \"Disabled\" AND Timestamp.StartsWith(\"Mon\")"
      },
      {
        "RuleName": "AllDisabledSubs",
        "SuccessEvent": "{ \"Tags\": \"Daily,Weekly\", \"ControlIds\":\"\" }",
        "ErrorMessage": "One or more adjust rules failed.",
        "ErrorType": "Error",
        "RuleExpressionType": "LambdaExpression",
        "Expression": "State == \"Disabled\""
      }
    ]
  },
  {
    "WorkflowName": "FullTenantScanExcludeGraph",
    "Rules": [
      {
        "RuleName": "AllEnabledSubsSkipNBControls",
        "SuccessEvent": "{ \"Tags\": \"Daily\", \"ExcludeControlIds\":\"Azure_Subscription_AuthZ_Dont_Use_NonAD_Identities,Azure_Subscription_AuthZ_Remove_Deprecated_Accounts,Azure_Subscription_AuthZ_Dont_Grant_Persistent_Access_RG,Azure_Subscription_AuthZ_Dont_Grant_Persistent_Access,Azure_Subscription_Configure_Conditional_Access_for_PIM,Azure_Subscription_Use_Only_Alt_Credentials\" }",
        "ErrorMessage": "One or more adjust rules failed.",
        "ErrorType": "Error",
        "RuleExpressionType": "LambdaExpression",
        "Expression": "State != \"Disabled\" AND !Timestamp.StartsWith(\"Mon\")"
      },
      {
        "RuleName": "AllEnabledSubsAllActiveControls",
        "SuccessEvent": "{ \"Tags\": \"Daily,Weekly\", \"ExcludeControlIds\":\"Azure_Subscription_AuthZ_Dont_Use_NonAD_Identities,Azure_Subscription_AuthZ_Remove_Deprecated_Accounts,Azure_Subscription_AuthZ_Dont_Grant_Persistent_Access_RG,Azure_Subscription_AuthZ_Dont_Grant_Persistent_Access,Azure_Subscription_Configure_Conditional_Access_for_PIM,Azure_Subscription_Use_Only_Alt_Credentials\" }",
        "ErrorMessage": "One or more adjust rules failed.",
        "ErrorType": "Error",
        "RuleExpressionType": "LambdaExpression",
        "Expression": "State != \"Disabled\" AND Timestamp.StartsWith(\"Mon\")"
      },
      {
        "RuleName": "AllDisabledSubs",
        "SuccessEvent": "{ \"Tags\": \"Daily,Weekly\", \"ControlIds\":\"\"}",
        "ErrorMessage": "One or more adjust rules failed.",
        "ErrorType": "Error",
        "RuleExpressionType": "LambdaExpression",
        "Expression": "State == \"Disabled\""
      }
    ]
  }
]