{
  "FeatureName": "TemplateSpec",
  "Reference": "",
  "IsMaintenanceMode": false,
  "Controls": [
    {
      "ControlID": "Azure_TemplateSpec_DP_Avoid_Plaintext_Secrets_Trial",
      "Description": "[Trial] Template Spec must not have secrets/credentials present in plain text",
      "Id": "TemplateSpec10",
      "ControlSeverity": "High",
      "Automated": "Yes",
      "MethodName": "TemplateSpecAvoidPlaintextSecretsAsyncTrial",
      "DisplayName": "[Trial] Template Spec must not have secrets/credentials present in plain text",
      "Category": "Secure Secrets Management and Credential Protection",
      "ControlRequirements": "Eliminating plain text credentials",
      "Rationale": "Keeping secrets/credentials such as DB connection strings, passwords, keys, etc. in plain text can lead to exposure at various avenues during an application's lifecycle. Storing them in a key vault ensures that they are protected at rest.",
      "Recommendation": "Find detected secrets/credentials using the information available in the UI, rotate those credentials and remove them. Use KeyVault to store secrets/credentials.",
      "Tags": [
        "SDL",
        "TCP",
        "Automated",
        "DP",
        "Baseline"
      ],
      "Enabled": true,
      "CustomTags": [
        "Daily",
        "Secrets"
      ]
    }
  ]
}