{
  "generatedBy": "Microsoft.NET.Sdk.Functions.Generator-4.6.0",
  "configurationSource": "attributes",
  "bindings": [
    {
      "type": "eventHubTrigger",
      "connection": "EventHubConnectionAppSetting",
      "eventHubName": "kustoingestion",
      "name": "eventsstring"
    }
  ],
  "disabled": false,
  "scriptFile": "../bin/Microsoft.AzSK.ATS.MetadataAggregator.dll",
  "entryPoint": "Microsoft.AzSK.ATS.MetadataAggregator.Processors.ResourceInventory.KustoIngestionListener.Run"
}