{
  "FeatureName": "BotServices",
  "Reference": "",
  "IsMaintenanceMode": false,
  "Controls": [
    {
      "ControlID": "Azure_BotServices_NetSec_Dont_Allow_Public_Network_Access",
      "Description": "Public network access must be disabled on Bot Services",
      "Id": "BotServices100",
      "ControlSeverity": "Medium",
      "Automated": "Yes",
      "MethodName": "CheckPublicNetworkAccess",
      "DisplayName": "Public network access must be disabled on Bot Services",
      "Category": "Deploy controls to restrict network traffic",
      "ControlRequirements": "Restrict network traffic flows",
      "ControlScanSource": "Reader",
      "Rationale": "Enabling Public Network Access for Bot services can lead to the risk of data leakage",
      "Recommendation": "To remediate, disable public network access on your Bot Service and use Private Endpoints to Access. Refer link: https://learn.microsoft.com/en-us/azure/bot-service/dl-network-isolation-how-to?view=azure-bot-service",
      "Tags": [
        "Automated",
        "NetSec",
        "BotServices"
      ],
      "Enabled": true,
      "CustomTags": [
        "Weekly",
        "AISec"
      ]
    },
    {
      "ControlID": "Azure_BotServices_Audit_Enable_Diagnostic_Settings",
      "Description": "Enable Security Logging in Azure Bot Services",
      "Id": "BotServices110",
      "ControlSeverity": "Medium",
      "Automated": "Yes",
      "MethodName": "CheckDiagnosticsSettings",
      "DisplayName": "Enable Security Logging in Azure Bot Services",
      "Category": "Monitoring must be correctly configured",
      "ControlRequirements": "Monitoring and auditing must be enabled and correctly configured according to prescribed organizational guidance",
      "Rationale": "Auditing logs and metrics must be enabled as they provide details for investigation in case of a security breach for threats",
      "Recommendation": "You can change the diagnostic settings from the Azure Portal by following the steps given here: https://learn.microsoft.com/en-us/azure/bot-service/monitor-bot-service?view=azure-bot-service-4.0 and while updating the diagnostic settings 'All Logs' of logs and 'AllMetrics' metrics should be selected and minimum required retention period is of 90 days",
      "Tags": [
        "Automated",
        "Audit",
        "Diagnostics",
        "BotServices"
      ],
      "ControlEvaluationDetails": {
        "RequiredProperties": [
          "DiagnosticSettings"
        ]
      },
      "Enabled": true,
      "ControlSettings": {
        "DiagnosticForeverRetentionValue": "0",
        "DiagnosticMinRetentionPeriod": "90",
        "DiagnosticMetrics": [
          "AllMetrics"
        ]
      },
      "CustomTags": [
        "AISec",
        "Weekly"
      ]
    },
    {
        "ControlID": "Azure_BotServices_AuthN_Disable_Local_Auth",
        "Description": "Disable Local Authentication Methods for Data Plane Access on Bot Services",
        "Id": "BotServices120",
        "ControlSeverity": "High",
        "ControlScanSource": "Reader",
        "Automated": "Yes",
        "MethodName": "CheckBotServicesLocalAuth",
        "DisplayName": "Disable Local Authentication Methods for Data Plane Access on Bot Services",
        "Category": "Authentication must be enabled on all user accounts and services",
        "ControlRequirements": "Access to data, networks, services, utilities, tools, and applications must be controlled by authentication and authorization mechanisms",
        "Rationale": "Disabling local authentication methods improves security by ensuring that Cognitive Services exclusively require Microsoft Entra credentials for authentication and authorization. As SAS keys can be more easily compromised which can lead to unauthorized access of data.",
        "Recommendation": "To disable local authentication for Bot Services, Run Command: Set-AzResource -ResourceGroupName {'ResourceGroupName'} -ResourceType 'Microsoft.BotService/botServices' -ResourceName {'ResourceName'} -PropertyObject @{properties=@{disableLocalAuth=$true}}. Refer https://learn.microsoft.com/en-us/dotnet/api/microsoft.azure.powershell.cmdlets.botservice.models.api20220615preview.bot.disablelocalauth?view=az-ps-latest",
        "Tags": [
            "AuthN",
            "Automated",
            "BotServices"
        ],
        "Enabled": true,
        "CustomTags": [
            "Weekly",
            "AISec"
        ]
    }
  ]
}
