{
  "FeatureName": "CognitiveServices",
  "Reference": "",
  "IsMaintenanceMode": false,
  "Controls": [
    {
      "ControlID": "Azure_CognitiveServices_DP_Enable_Encryption_With_Customer_Managed_Keys_MCSB",
      "Description": "[MCSB] Cognitive Services accounts should enable data encryption with a customer-managed key",
      "Id": "CognitiveServices110",
      "ControlSeverity": "High",
      "Automated": "Yes",
      "ControlScanSource": "MDC",
      "DisplayName": "[MCSB] Cognitive Services accounts should enable data encryption with a customer-managed key",
      "Category": "Encrypt data in transit",
      "ControlRequirements": "Data must be encrypted in transit and at rest",
      "Rationale": "Data Encryption ensures that sensitive data is stored encrypted at rest. This minimizes the risk of data loss from physical theft and also helps meet regulatory compliance requirements. And by using a customer-managed key, you can supplement default encryption with an additional encryption layer.",
      "Recommendation": "To use customer managed keys in Azure Cognitive Services, please refer: https://learn.microsoft.com/en-us/azure/cognitive-services/openai/encrypt-data-at-rest",
      "Tags": [
        "CognitiveServices",
        "Automated",
        "Baseline",
        "DP"
      ],
      "AssessmentProperties": {
        "AssessmentNames": [
          "18bf29b3-a844-e170-2826-4e95d0ba4dc9"
        ],
        "AssessmentStatusMappings": [
          {
            "AssessmentStatusCode": "NotApplicable",
            "EffectiveVerificationResult": "Failed",
            "AssessmentStatusCausePatterns": "(.)*OffByPolicy|Exempt(.)*",
            "AppendMessageToStatusReason": "Disabling or exempting the policy from getting evaluated is not recommended. The Control will be marked as Failed."
          }
        ]
      },
      "Enabled": false,
      "CustomTags": [
        "Daily",
        "MCSB"
      ]
    },
    {
      "ControlID": "Azure_CognitiveServices_NetSec_Restrict_Network_Access_MCSB",
      "Description": "[MCSB] Cognitive Services accounts should restrict network access",
      "Id": "CognitiveServices120",
      "ControlSeverity": "High",
      "Automated": "Yes",
      "ControlScanSource": "MDC",
      "DisplayName": "[MCSB] Cognitive Services accounts should restrict network access",
      "Category": "Deploy controls to restrict network traffic",
      "ControlRequirements": "Restrict network traffic flows",
      "Rationale": "Restricting the network access improves security by ensuring your Cognitive Services can only be accessed from a private endpoint. This configuration strictly disables access from any public address space outside of Azure IP range and denies all logins that match IP or virtual network-based firewall rules.",
      "Recommendation": "To restrict network access in Azure Cognitive Services, please refer: https://learn.microsoft.com/en-us/azure/cognitive-services/cognitive-services-virtual-networks?tabs=portal",
      "Tags": [
        "CognitiveServices",
        "Automated",
        "Baseline",
        "NetSec"
      ],
      "AssessmentProperties": {
        "AssessmentNames": [
          "f738efb8-005f-680d-3d43-b3db762d6243"
        ],
        "AssessmentStatusMappings": [
          {
            "AssessmentStatusCode": "NotApplicable",
            "EffectiveVerificationResult": "Failed",
            "AssessmentStatusCausePatterns": "(.)*OffByPolicy|Exempt(.)*",
            "AppendMessageToStatusReason": "Disabling or exempting the policy from getting evaluated is not recommended. The Control will be marked as Failed."
          }
        ]
      },
      "Enabled": false,
      "CustomTags": [
        "Daily",
        "MCSB"
      ]
    },
    {
      "ControlID": "Azure_CognitiveServices_NetSec_Dont_Allow_Public_Network_Access_MCSB",
      "Description": "[MCSB] Cognitive Services accounts should disable public network access",
      "Id": "CognitiveServices130",
      "ControlSeverity": "High",
      "Automated": "Yes",
      "ControlScanSource": "MDC",
      "DisplayName": "[MCSB] Cognitive Services accounts should disable public network accesss",
      "Category": "Deploy controls to restrict network traffic",
      "ControlRequirements": "Restrict network traffic flows",
      "Rationale": "To improve the security of Cognitive Services accounts, ensure that it isn't exposed to the public internet and can only be accessed from a private endpoint. This option disables access from any public address space outside the Azure IP range, and denies all logins that match IP or virtual network-based firewall rules. This reduces data leakage risks.",
      "Recommendation": "To disable or allow public network access in Azure Cognitive Services, go to Azure Portal --> Select the resource management menu called Virtual network --> under section 'Allow access from' choose selected networks or refer: https://learn.microsoft.com/en-us/azure/cognitive-services/cognitive-services-virtual-networks?tabs=portal",
      "Tags": [
        "CognitiveServices",
        "Automated",
        "Baseline",
        "NetSec"
      ],
      "AssessmentProperties": {
        "AssessmentNames": [
          "684a5b6d-a270-61ce-306e-5cea400dc3a7"
        ],
        "AssessmentStatusMappings": [
          {
            "AssessmentStatusCode": "NotApplicable",
            "EffectiveVerificationResult": "Failed",
            "AssessmentStatusCausePatterns": "(.)*OffByPolicy|Exempt(.)*",
            "AppendMessageToStatusReason": "Disabling or exempting the policy from getting evaluated is not recommended. The Control will be marked as Failed."
          }
        ]
      },
      "Enabled": false,
      "CustomTags": [
        "Daily",
        "MCSB"
      ]
    },
    {
      "ControlID": "Azure_CognitiveServices_NetSec_Dont_Allow_Public_Network_Access",
      "Description": "Public network access on Cognitive Service accounts must be disabled",
      "Id": "CognitiveServices140",
      "ControlSeverity": "High",
      "Automated": "Yes",
      "ControlScanSource": "MDCOrReader",
      "MethodName": "CheckPublicNetworkAccess",
      "DisplayName": "Public network access on Cognitive Service accounts must be disabled",
      "Category": "Deploy controls to restrict network traffic",
      "ControlRequirements": "Restrict network traffic flows",
      "Rationale": "To improve the security of Cognitive Services accounts, ensure that it isn't exposed to the public internet and can only be accessed from a private endpoint. This option disables access from any public address space outside the Azure IP range, and denies all logins that match IP or virtual network-based firewall rules. This reduces data leakage risks.",
      "Recommendation": "To disable or allow public network access in Azure Cognitive Services, go to Azure Portal --> Select the resource management menu called Virtual network --> under section 'Allow access from' choose selected networks or refer: https://learn.microsoft.com/en-us/azure/cognitive-services/cognitive-services-virtual-networks?tabs=portal",
      "Tags": [
        "CognitiveServices",
        "Automated",
        "Baseline",
        "NetSec"
      ],
      "ControlEvaluationDetails": {
        "RequiredProperties": [
          "PublicNetworkAccess"
        ]
      },
      "AssessmentProperties": {
        "AssessmentNames": [
          "684a5b6d-a270-61ce-306e-5cea400dc3a7"
        ],
        "AssessmentStatusMappings": [
          {
            "AssessmentStatusCode": "NotApplicable",
            "EffectiveVerificationResult": "Failed",
            "AssessmentStatusCausePatterns": "(.)*OffByPolicy|Exempt(.)*",
            "AppendMessageToStatusReason": "Disabling or exempting the policy from getting evaluated is not recommended. The Control will be marked as Failed."
          }
        ]
      },
      "Enabled": true,
      "CustomTags": [
        "Weekly",
        "AIBaseline"
      ]
    },
    {
      "ControlID": "Azure_CognitiveServices_AuthN_Disable_Local_Auth",
      "Description": "Disable local authentication for Cognitive Services",
      "Id": "CognitiveServices180",
      "ControlSeverity": "High",
      "ControlScanSource": "MDCOrReader",
      "Automated": "Yes",
      "MethodName": "CheckCognitiveServicesLocalAuth",
      "DisplayName": "Disable local authentication for Cognitive Services",
      "Category": "Authentication must be enabled on all user accounts and services",
      "ControlRequirements": "Access to data, networks, services, utilities, tools, and applications must be controlled by authentication and authorization mechanisms",
      "Rationale": "Disabling local authentication methods improves security by ensuring that Cognitive Services exclusively require Microsoft Entra credentials for authentication and authorization. As SAS keys can be more easily compromised which can lead to unauthorized access of data.",
      "Recommendation": "To disable local authentication for Cognitive Services, Run Command: Set-AzCognitiveServicesAccount -ResourceGroupName {'ResourceGroupName'} -Name {'ResourceName'} -DisableLocalAuth `$true. Refer https://learn.microsoft.com/en-us/azure/ai-services/disable-local-auth",
      "Tags": [
        "AuthN",
        "CognitiveServices",
        "Automated",
        "Baseline"
      ],
      "AssessmentProperties": {
        "AssessmentNames": [
          "13b10b36-aa99-4db6-b00c-dcf87c4761e6"
        ],
        "AssessmentStatusMappings": [
          {
            "AssessmentStatusCode": "NotApplicable",
            "EffectiveVerificationResult": "Failed",
            "AssessmentStatusCausePatterns": "(.)*OffByPolicy|Exempt(.)*",
            "AppendMessageToStatusReason": "Disabling or exempting the policy from getting evaluated is not recommended. The Control will be marked as Failed."
          }
        ]
      },
      "Enabled": true,
      "CustomTags": [
        "Daily",
        "TBv16"
      ]
    },
    {
      "ControlID": "Azure_OpenAI_Audit_Enable_Diagnostic_Settings",
      "Description": "Enable Security Logging in Azure Open AI",
      "Id": "CognitiveServices150",
      "ControlSeverity": "Medium",
      "Automated": "Yes",
      "MethodName": "CheckCognitiveServiceDiagnosticsSettings",
      "DisplayName": "Enable Security Logging in Azure Open AI",
      "Category": "Monitoring must be correctly configured",
      "ControlRequirements": "Monitoring and auditing must be enabled and correctly configured according to prescribed organizational guidance",
      "Rationale": "Auditing logs and metrics must be enabled as they provide details for investigation in case of a security breach for threats",
      "Recommendation": "You can change the diagnostic settings from the Azure Portal by following the steps given here: https://learn.microsoft.com/en-us/azure/ai-services/openai/how-to/monitoring#configure-diagnostic-settings and while updating the diagnostic settings 'All Logs' category must be selected",
      "ControlEvaluationDetails": {
        "RequiredProperties": [
          "DiagnosticSettings"
        ]
      },
      "Enabled": true,
      "ControlSettings": {
        "ApplicableCognitiveServiceKind": [
          "OpenAI"
        ],
        "DiagnosticForeverRetentionValue": "0",
        "DiagnosticMinRetentionPeriod": "90",
        "DiagnosticLogs": [
          "audit",
          "requestresponse",
          "azureopenairequestusage",
          "trace"
        ]
      },
      "Tags": [
        "Automated",
        "Audit",
        "Diagnostics",
        "CognitiveServices",
        "Baseline"
      ],
      "CustomTags": [
        "Daily",
        "TBv16",
        "AIBaseline"
      ]
    },
    {
      "ControlID": "Azure_AIComputerVision_Audit_Enable_Diagnostic_Settings",
      "Description": "Enable Security Logging in Azure AI Computer Vision",
      "Id": "CognitiveServices160",
      "ControlSeverity": "Medium",
      "Automated": "Yes",
      "MethodName": "CheckCognitiveServiceDiagnosticsSettings",
      "DisplayName": "Enable Security Logging in Azure AI Computer Vision",
      "Category": "Monitoring must be correctly configured",
      "ControlRequirements": "Monitoring and auditing must be enabled and correctly configured according to prescribed organizational guidance",
      "Rationale": "Auditing logs and metrics must be enabled as they provide details for investigation in case of a security breach for threats",
      "Recommendation": "You can change the diagnostic settings from the Azure Portal by following the steps given here: https://learn.microsoft.com/en-us/azure/ai-services/diagnostic-logging and while updating the diagnostic settings, 'All Logs' category must be selected",
      "ControlEvaluationDetails": {
        "RequiredProperties": [
          "DiagnosticSettings"
        ]
      },
      "Enabled": true,
      "ControlSettings": {
        "ApplicableCognitiveServiceKind": [
          "ComputerVision"
        ],
        "DiagnosticForeverRetentionValue": "0",
        "DiagnosticMinRetentionPeriod": "90",
        "DiagnosticLogs": [
          "audit",
          "requestresponse",
          "azureopenairequestusage",
          "trace"
        ]
      },
      "Tags": [
        "Automated",
        "Audit",
        "Diagnostics",
        "CognitiveServices",
        "Baseline"
      ],
      "CustomTags": [
        "Daily",
        "TBv16",
        "AIBaseline"
      ]
    },
    {
      "ControlID": "Azure_CognitiveServices_DP_Data_Loss_Prevention",
      "Description": "Ensure Data Leakage/Loss Prevention is enabled for Cognitive Services",
      "Id": "CognitiveServices170",
      "ControlSeverity": "High",
      "Automated": "Yes",
      "MethodName": "CheckDataLossPrevention",
      "DisplayName": "Ensure Data Leakage/Loss Prevention is enabled for Cognitive Services",
      "Category": "Encrypt data at rest",
      "ControlRequirements": "Restrict network traffic to protected data against leakage and loss",
      "Rationale": "Restricting outbound network access improves security by ensuring your Cognitive Services can only communicate with trusted endpoints. This reduces the risk of data leakage and unauthorized access.",
      "Recommendation": "Enable Data Leakage/Loss Prevention for Cognitive Services. Refer: https://learn.microsoft.com/en-us/azure/ai-services/cognitive-services-data-loss-prevention?tabs=powershell",
      "Tags": [
        "CognitiveServices",
        "Automated",
        "DP"
      ],
      "Enabled": true,
      "ControlEvaluationDetails": {
        "RequiredProperties": [
          "DataLossPreventionEnabled"
        ]
      },
      "ControlSettings": {
        "SupportedAIKinds": [
          "OpenAI",
          "ComputerVision",
          "ContentSafety",
          "CustomVision.Training",
          "CustomVision.Prediction",
          "Face",
          "FormRecognizer",
          "SpeechServices",
          "TextAnalytics"
        ]
      },
      "CustomTags": [
        "Weekly",
        "AIBaseline"
      ]
    },
    {
      "ControlID": "Azure_CognitiveServices_AuthN_Use_Managed_Service_Identity",
      "Description": "Managed Service Identity (MSI) must be used in Azure Cognitive Services",
      "Id": "CognitiveServices190",
      "ControlSeverity": "High",
      "Automated": "Yes",
      "MethodName": "CheckCognitiveServiceMSIEnabled",
      "DisplayName": "Managed Service Identity (MSI) must be used in Azure Cognitive Services",
      "Category": "Authentication must be enabled on all user accounts and services",
      "ControlRequirements": "Access to data, networks, services, utilities, tools, and applications must be controlled by authentication and authorization mechanisms",
      "Recommendation": "Go to Azure Portal --> your Cognitive Service Resource --> Resource Management --> Identity --> System assigned --> ON. Refer: https://learn.microsoft.com/en-us/azure/ai-services/translator/document-translation/how-to-guides/create-use-managed-identities",
      "Rationale": "Managed Service Identity (MSI) allows your app to easily access other AAD-protected resources such as Azure Key Vault. The identity is managed by the Azure platform and eliminates the need to provision/manage/rotate any secrets thus reducing the overall risk. ",
      "Enabled": true,
      "ControlSettings": {
        "AllowedManagedServiceIdentityTypes": [
          "SystemAssigned",
          "UserAssigned"
        ]
      },
      "Tags": [
        "AuthN",
        "Automated",
        "CognitiveServices"
      ],
      "CustomTags": [
        "Weekly",
        "AIBaseline"
      ]
    },
    {
      "ControlID": "Azure_CognitiveServices_NetSec_Use_Private_Endpoint",
      "Description": "Azure Cognitive Services must use private endpoint",
      "Id": "CognitiveServices200",
      "ControlSeverity": "Medium",
      "Automated": "Yes",
      "ControlScanSource": "MDCOrReader",
      "MethodName": "CheckPrivateLinkConnections",
      "DisplayName": "Azure Cognitive Service must use private endpoint",
      "Category": "Deploy controls to restrict network traffic",
      "ControlRequirements": "Restrict network traffic flows",
      "Rationale": "Enabling Private Endpoint ensures that Azure Cognitive Services remain inaccessible from the public internet, reducing the risk of unauthorized access, data breaches, and potential data interception",
      "Recommendation": "To configure private endpoints in Azure Cognitive Services, Navigate to Azure Cognitive Service Resource -> Under Resource Management, navigate to Networking, Private endpoint connections -> Add Private endpoint instances. For more details, please refer: https://learn.microsoft.com/en-us/azure/ai-services/cognitive-services-virtual-networks?tabs=portal#use-private-endpoints",
      "Tags": [
        "CognitiveServices",
        "Automated",
        "NetSec"
      ],
      "AssessmentProperties": {
        "AssessmentNames": [
          "67279c29-fa4c-4f09-ae59-cb1491565995"
        ],
        "AssessmentStatusMappings": [
          {
            "AssessmentStatusCode": "NotApplicable",
            "EffectiveVerificationResult": "Failed",
            "AssessmentStatusCausePatterns": "(.)*OffByPolicy|Exempt(.)*",
            "AppendMessageToStatusReason": "Disabling or exempting the policy from getting evaluated is not recommended. The Control will be marked as Failed."
          }
        ]
      },
      "Enabled": true,
      "CustomTags": [
        "Weekly",
        "AIBaseline"
      ]
    },
    {
      "ControlID": "Azure_CognitiveServices_Audit_Enable_Diagnostics_Log",
      "Description": "Security logging must be enabled on Azure Cognitive Services",
      "Id": "CognitiveServices210",
      "ControlSeverity": "Medium",
      "Automated": "Yes",
      "MethodName": "CheckAzureAIServicesDiagnosticsSettings",
      "DisplayName": "Security logging must be enabled on Azure Cognitive Services",
      "Category": "Monitoring must be correctly configured",
      "ControlRequirements": "Monitoring and auditing must be enabled and correctly configured according to prescribed organizational guidance",
      "Rationale": "Without security logging in Azure Cognitive Services, undetected breaches and compliance violations can occur, leaving your data vulnerable.",
      "Recommendation": "To enable Diagnostics logs Go to associated Azure Cognitive Service -> Monitoring -> Diagnostic Settings -> Add Diagnostic setting and while updating the diagnostic settings, 'All Logs' category must be selected. Refer: https://learn.microsoft.com/en-us/azure/ai-services/diagnostic-logging",
      "ControlEvaluationDetails": {
        "RequiredProperties": [
          "DiagnosticSettings"
        ]
      },
      "Enabled": true,
      "ControlSettings": {
        "DiagnosticForeverRetentionValue": "0",
        "DiagnosticMinRetentionPeriod": "90",
        "DiagnosticLogs": [
          "audit",
          "requestresponse",
          "azureopenairequestusage",
          "trace"
        ]
      },
      "Tags": [
        "Automated",
        "Audit",
        "Diagnostics",
        "CognitiveServices"
      ],
      "CustomTags": [
        "Weekly",
        "AIBaseline"
      ]
    },
    {
      "ControlID": "Azure_CognitiveServices_DP_Enable_Encryption_With_Customer_Managed_Keys",
      "Description": "Data encryption with a customer-managed key must be enabled for Azure Cognitive Services",
      "Id": "CognitiveServices220",
      "ControlSeverity": "High",
      "Automated": "Yes",
      "MethodName": "CheckCognitiveServiceEncryptionStatus",
      "DisplayName": "Data encryption with a customer-managed key must be enabled for Azure Cognitive Services",
      "Category": "Encrypt data in transit",
      "ControlRequirements": "Data must be encrypted in transit and at rest",
      "Rationale": "Unencrypted data at rest is vulnerable to theft, breaches, and compliance violations. Encryption mitigates these risks by securing data, even if stolen. A customer-managed key adds an extra layer of protection and control.",
      "Recommendation": "To use customer managed keys in Azure Cognitive Services, please refer: https://learn.microsoft.com/en-us/azure/ai-services/encryption/cognitive-services-encryption-keys-portal",
      "Tags": [
        "CognitiveServices",
        "Automated",
        "DP"
      ],
      "CustomTags": [
        "Weekly",
        "AIBaseline"
      ],
      "Enabled": true
    }
  ]
}