﻿{
  "FeatureName": "ContainerAppJobs",
  "Reference": "",
  "IsMaintenanceMode": false,
  "Controls": [
    {
      "ControlID": "Azure_ContainerAppJobs_DP_Avoid_Plaintext_Secrets_Trial",
      "Description": "[Trial] Container App Jobs must not have secrets/credentials present in plain text.",
      "Id": "ContainerAppJobs10",
      "ControlSeverity": "High",
      "Automated": "Yes",
      "MethodName": "ContainerAppJobsAvoidPlaintextSecretsAsyncTrial",
      "DisplayName": "[Trial] Container App Jobs must not have secrets/credentials present in plain text.",
      "Category": "Secure Secrets Management and Credential Protection",
      "ControlRequirements": "Eliminating plain text credentials",
      "Rationale": "Keeping secrets/credentials such as DB connection strings, passwords, keys, etc. in plain text can lead to exposure at various avenues during an application's lifecycle. Storing them in a key vault ensures that they are protected at rest.",
      "Recommendation": "Find detected secrets/credentials using the information available in the UI, rotate those credentials and remove them. Refer: https://learn.microsoft.com/en-us/azure/container-apps/manage-secrets?tabs=azure-portal to manage secrets in azure container apps.",
      "Tags": [
        "SDL",
        "TCP",
        "Automated",
        "DP"
      ],
      "Enabled": true,
      "CustomTags": [
        "Daily",
        "Preview",
        "Trial",
        "MSD",
        "TRPreview",
        "TRBaseline",
        "CAIPreview",
        "EDPreview",
        "SMTPreview",
        "SN:ContainerApps_AvoidSecrets",
        "CAIWave1",
        "Secrets"
      ]
    }
  ]
}