{
  "FeatureName": "EventGridTopic",
  "Reference": "",
  "IsMaintenanceMode": false,
  "Controls": [
    {
      "ControlID": "Azure_EventGridTopic_NetSec_Use_Private_Link_MCSB",
      "Description": "[MCSB] Azure Event Grid topics should use private link",
      "Id": "EventGridTopic100",
      "ControlSeverity": "High",
      "Automated": "Yes",
      "DisplayName": "[MCSB] Azure Event Grid topics should use private link",
      "Category": "Deploy controls to restrict network traffic",
      "ControlRequirements": "Restrict network traffic flows",
      "ControlScanSource": "MDC",
      "Rationale": "Azure Private Link lets you connect your virtual network to Azure services without a public IP address at the source or destination. The private link platform handles the connectivity between the consumer and services over the Azure backbone network.By mapping private endpoints to your Event Grid topics instead of the entire service, you'll also be protected against data leakage risks.",
      "Recommendation": "To add private link, please refer: https://learn.microsoft.com/en-us/azure/event-grid/configure-private-endpoints#use-azure-portal",
      "AssessmentProperties": {
        "AssessmentNames": [
          "bdac9c7b-b9b8-f572-0450-f161c430861c"
        ],
        "AssessmentStatusMappings": [
          {
            "AssessmentStatusCode": "NotApplicable",
            "EffectiveVerificationResult": "Failed",
            "AssessmentStatusCausePatterns": "(.)*OffByPolicy|Exempt(.)*",
            "AppendMessageToStatusReason": "Disabling or exempting the policy from getting evaluated is not recommended. The Control will be marked as Failed."
          }
        ]
      },
      "Tags": [
        "Automated",
        "NetSec",
        "Baseline",
        "EventGridTopic"
      ],
      "Enabled": false,
      "CustomTags": [
        "Daily",
        "MCSB"
      ]
    },
    {
      "ControlID": "Azure_EventGridTopic_AuthN_Disable_Local_Auth",
      "Description": "Local authentication should be disabled for Event Grid Topic",
      "Id": "EventGridTopic110",
      "ControlSeverity": "Medium",
      "Automated": "Yes",
      "DisplayName": "Local authentication should be disabled for Event Grid Topic",
      "ControlScanSource": "Reader",
      "MethodName": "CheckEventGridTopicLocalAuth",
      "Category": "Authentication must be enabled on all user accounts and services ",
      "Enabled": false,
      "ControlRequirements": "Authentication should use approved mechanisms and access keys should be disabled",
      "Rationale": "Disabling local authentication methods improves security by ensuring that Event Grid Topics exclusively require Microsoft Entra credentials for authentication and authorization. SAS keys can be more easily compromised which can lead to unauthorized access of data.",
      "Recommendation": "To disable local authentication, go to Azure Portal --> Your Event Hub --> Local Authentication --> Select 'Disabled'. Refer: https://learn.microsoft.com/en-us/azure/event-grid/configure-custom-topic.",
      "Tags": [
        "Automated",
        "AuthN",
        "Baseline",
        "EventGridTopic"
      ],
      "CustomTags": [
        "Weekly"
      ],
      "ControlEvaluationDetails": {
        "RequiredProperties": [
          "DisableLocalAuth"
        ]
      }
    }
  ]
}