{
  "FeatureName": "MachineLearningWorkspace",
  "Reference": "",
  "IsMaintenanceMode": false,
  "Controls": [
    {
      "ControlID": "Azure_MachineLearningWorkspace_DP_Enable_Encryption_With_Customer_Managed_Keys_MCSB",
      "Description": "[MCSB] Azure Machine Learning workspaces should be encrypted with a customer-managed key",
      "Id": "MachineLearningWorkspace110",
      "ControlSeverity": "High",
      "Automated": "Yes",
      "ControlScanSource": "MDC",
      "DisplayName": "[MCSB] Azure Machine Learning workspaces should be encrypted with a customer-managed key",
      "Category": "Encrypt data in transit",
      "ControlRequirements": "Data must be encrypted in transit and at rest",
      "Rationale": "Data Encryption ensures that sensitive data is stored encrypted at rest. This minimizes the risk of data loss from physical theft and also helps meet regulatory compliance requirements. And by using a customer-managed key, you can supplement default encryption with an additional encryption layer.",
      "Recommendation": "To use customer managed keys in Azure Machine Learning Worskpace, please refer: https://learn.microsoft.com/en-us/azure/machine-learning/how-to-setup-customer-managed-keys",
      "Tags": [
        "MachineLearningWorkspace",
        "Automated",
        "Baseline",
        "DP"
      ],
      "AssessmentProperties": {
        "AssessmentNames": [
          "bbd14f11-6228-4588-82a4-517b8d77b23f"
        ],
        "AssessmentStatusMappings": [
          {
            "AssessmentStatusCode": "NotApplicable",
            "EffectiveVerificationResult": "Failed",
            "AssessmentStatusCausePatterns": "(.)*OffByPolicy|Exempt(.)*",
            "AppendMessageToStatusReason": "Disabling or exempting the policy from getting evaluated is not recommended. The Control will be marked as Failed."
          }
        ]
      },
      "Enabled": false,
      "CustomTags": [
        "Daily",
        "MCSB"
      ]
    },
    {
      "ControlID": "Azure_MachineLearningWorkspace_NetSec_Use_Private_Link_MCSB",
      "Description": "[MCSB] Azure Machine Learning workspaces should use private link",
      "Id": "MachineLearningWorkspace120",
      "ControlSeverity": "High",
      "Automated": "Yes",
      "ControlScanSource": "MDC",
      "DisplayName": "[MCSB] Azure Machine Learning workspaces should use private link",
      "Category": "Deploy controls to restrict network traffic",
      "ControlRequirements": "Restrict network traffic flows",
      "Rationale": "Azure Private Link lets you connect your virtual network to Azure services without a public IP address at the source or destination. The Private Link platform handles the connectivity between the consumer and services over the Azure backbone network. By mapping private endpoints to Azure Machine Learning workspaces, data leakage risks are reduced.",
      "Recommendation": "To configure private links in Azure Machine Learning Workspace, please refer: https://learn.microsoft.com/en-us/azure/machine-learning/how-to-configure-private-link?tabs=azure-portal",
      "Tags": [
        "MachineLearningWorkspace",
        "Automated",
        "Baseline",
        "NetSec"
      ],
      "AssessmentProperties": {
        "AssessmentNames": [
          "692343df-7e70-b082-7b0e-67f97146cea3"
        ],
        "AssessmentStatusMappings": [
          {
            "AssessmentStatusCode": "NotApplicable",
            "EffectiveVerificationResult": "Failed",
            "AssessmentStatusCausePatterns": "(.)*OffByPolicy|Exempt(.)*",
            "AppendMessageToStatusReason": "Disabling or exempting the policy from getting evaluated is not recommended. The Control will be marked as Failed."
          }
        ]
      },
      "Enabled": false,
      "CustomTags": [
        "Daily",
        "MCSB"
      ]
    },
    {
      "ControlID": "Azure_MachineLearningWorkspace_AuthN_Disable_Credential_Based_Access_On_Datastore",
      "Description": "Azure ML workspace datastores must not allow credential based access",
      "Id": "MachineLearningWorkspace130",
      "ControlSeverity": "High",
      "Automated": "Yes",
      "MethodName": "CheckDataStoresAuthenticationType",
      "Rationale": "Using credential based access to datastores allows readers of a workspace to get read only access to underlying datasets even if they do not have access to the storage itself. This may possess privacy concerns for sensitive data and gives alternate ways to get access to the connected storage account. Ensure that access to the data is provided via identity based authentication only.",
      "Recommendation": "Go to Azure portal: Select your Machine Learning workspace -> Overview blade --> Click on 'Launch Studio' -->Under 'Assets' select data blade --> Select datastore from 'Datastore' tab --> Click on 'Update Authentication' --> Disable 'Save credentials with the datastore for data access'. --> Enable 'Use Workspace managed identity for data preview and profiling in azure machine learning studio' --> Click 'Save'.",
      "DisplayName": "Azure ML workspace datastores must not allow credential based access",
      "ControlRequirements": "Access to data, networks, services, utilities, tools, and applications must be controlled by authentication and authorization mechanisms",
      "Category": "Authentication must be enabled on all user accounts and services",
      "Tags": [
        "Automated",
        "AuthN",
        "Baseline",
        "MachineLearningWorkspace"
      ],
      "Enabled": true,
      "ControlScanSource": "Reader",
      "ControlEvaluationDetails": {
        "RequiredProperties": [
          "DataStoreDetails"
        ]
      },
      "ControlSettings": {
        "AllowedCredentialType": [
          "None"
        ],
        "EvaluatedDataStoreType": [
          "AzureBlob",
          "AzureDataLakeGen1",
          "AzureDataLakeGen2"
        ],
        "ExcludedMachineLearningKinds": [
          "Hub",
          "Project"
        ]
      },
      "CustomTags": [
        "Daily",
        "SN:ML_DisableLocalAuth",
        "AISec",
        "TBv16",
        "TenantBaseline"
      ]
    },
    {
      "ControlID": "Azure_MachineLearningWorkspace_DP_Avoid_Plaintext_Secrets",
      "Description": "Azure ML workspace must not have secrets/credentials present in plain text",
      "Id": "MachineLearningWorkspace140",
      "ControlSeverity": "High",
      "Automated": "Yes",
      "MethodName": "AvoidPlaintextSecretsAsync",
      "Rationale": "Using secrets as plaintext in pipelines either in the form of arguments or parameters makes these secrets visible to all readers of the workspace. Further when the published model/component is shared in a registry these secrets will be propagated there as well making it visible to all readers of the registry. Store secrets in a key vault and refer them in your pipelines accordingly.",
      "Recommendation": "1. Go the workspace in the machine learning studio. 2. Navigate to 'Pipelines' under 'Assets'. 3. Select the pipeline job containing the secrets. 4. Delete the pipeline containing the secret and rotate the found the secret. 5. Make changes in the source code to load the secret from a key vault.",
      "DisplayName": "Azure ML workspace must not have secrets/credentials present in plain text",
      "Category": "Secure Secrets Management and Credential Protection",
      "ControlRequirements": "Eliminating plain text credentials",
      "Tags": [
        "Automated",
        "DP",
        "Baseline",
        "MachineLearningWorkspace"
      ],
      "Enabled": true,
      "ControlScanSource": "Reader",
      "ControlSettings": {
        "ExcludedDataStore": [ "datastores/azureml_globaldatasets" ],
        "AllowedCredentialType": [
          "None"
        ],
        "EvaluatedDataStoreType": [
          "AzureBlob"
        ],
        "ExcludedMachineLearningKinds": [
          "Hub",
          "Project"
        ]
      },
      "CustomTags": [
        "Daily",
        "TBv11",
        "TenantBaseline",
        "MSD",
        "TRWave4",
        "TRPreview",
        "TRBaseline",
        "CAIPreview",
        "EDPreview",
        "SMTPreview",
        "SN:ML_AvoidSecrets",
        "CAIWave1",
        "Secrets",
        "AISec"
      ]
    },
    {
      "ControlID": "Azure_MachineLearningWorkspace_NetSec_Restrict_Network_Access",
      "Description": "Public network access on Machine Learning Workspace should be disabled or restricted to selected IP Addresses",
      "Id": "MachineLearningWorkspace150",
      "ControlSeverity": "High",
      "Automated": "Yes",
      "ControlScanSource": "Reader",
      "MethodName": "CheckPublicNetworkAccess",
      "DisplayName": "Public network access on Machine Learning Workspace should be disabled or restricted",
      "Category": "Deploy controls to restrict network traffic",
      "ControlRequirements": "Restrict network traffic flows",
      "Rationale": "Machine Learning Workspace firewall should be enabled so that the Machine Learning Workspace is not accessible by default to any public IPs.",
      "Recommendation": "To remediate, restrict public network access on your Machine Learning Workspace. Go to Azure Portal --> your Machine Learning workspace  --> Settings --> Networking --> Public access --> Public network access --> Choose either 'Disabled' or 'Enabled from selected IP addresses' --> Save",
      "Tags": [
        "MachineLearningWorkspace",
        "Automated",
        "Baseline",
        "NetSec"
      ],
      "ControlSettings": {
        "ExcludedMachineLearningKinds": [
          "Hub",
          "Project"
        ]
      },
      "Enabled": true,
      "CustomTags": [
        "Daily",
        "TBv11",
        "TenantBaseline",
        "MSD",
        "EDPreview",
        "SMTPreview",
        "SN:ML_DisablePublicAccess",
        "AISec"
      ]
    },
    {
      "ControlID": "Azure_MachineLearningWorkspace_AuthN_Disable_SSH_Authentication",
      "Description": "Disable SSH Authentication for the Machine Learning Workspace Compute",
      "Id": "MachineLearningWorkspace160",
      "ControlSeverity": "High",
      "Automated": "Yes",
      "ControlScanSource": "MDCAndReader",
      "MethodName": "CheckMachineLearningWorkspaceComputeLocalAuthentication",
      "DisplayName": "Disable SSH Authentication for the Machine Learning Workspace Compute",
      "Category": "Authentication must be enabled on all user accounts and services.",
      "ControlRequirements": "Access to data, networks, services, utilities, tools, and applications must be controlled by authentication and authorization mechanisms",
      "Rationale": "Using the native enterprise directory for authentication ensures that there is a built-in high level of assurance in the user identity established for subsequent access control. All Enterprise subscriptions are automatically associated with their enterprise directory (xxx.onmicrosoft.com) and users in the native directory are trusted for authentication to enterprise subscriptions.",
      "Recommendation": "To disable SSH on Azure Machine Learning Compute resources, create a new compute instance having SSH disabled.",
      "Tags": [
        "MachineLearningWorkspace",
        "Automated",
        "Baseline",
        "AuthN"
      ],
      "AssessmentProperties": {
        "AssessmentNames": [
          "51740d72-1ff9-455d-ace0-c7384e903168"
        ],
        "AssessmentStatusMappings": [
          {
            "AssessmentStatusCode": "NotApplicable",
            "EffectiveVerificationResult": "Failed",
            "AssessmentStatusCausePatterns": "(.)*OffByPolicy|Exempt(.)*",
            "AppendMessageToStatusReason": "Disabling or exempting the policy from getting evaluated is not recommended. The Control will be marked as Failed."
          }
        ],
        "ResourceDetails": {
          "HasExtendedResourceId": true,
          "ExtendedIdResourceTypes": [
            "microsoft.machinelearningservices/workspaces/computes"
          ],
          "UseExtendedResourceMetadata": false
        }
      },
      "Enabled": true,
      "ControlEvaluationDetails": {
        "RequiredProperties": [
          "MLComputeDetails"
        ]
      },
      "ControlSettings": {
        "CoveredComputeTypes": [
          "ComputeInstance",
          "AmlCompute"
        ],
        "ExcludedMachineLearningKinds": [
          "Hub",
          "Project"
        ]
      },
      "CustomTags": [
        "Weekly",
        "CAIPreview",
        "EDPreview",
        "SMTPreview",
        "SN:ML_Disable_SSH"
      ]
    },
    {
      "ControlID": "Azure_MachineLearningWorkspace_SI_Use_Latest_OS_Image",
      "Description": "Azure Machine Learning compute instances must be recreated to get the latest software updates",
      "Id": "MachineLearningWorkspace200",
      "ControlSeverity": "High",
      "Automated": "Yes",
      "ControlScanSource": "MDCOrReader",
      "MethodName": "CheckLatestOSImage",
      "DisplayName": "Azure Machine Learning compute instances must be recreated to get the latest software updates",
      "Category": "Vulnerabilities must be remediated",
      "ControlRequirements": "Vulnerability scans must be performed and vulnerabilities remediated according to prescribed organizational guidance",
      "Rationale": "Ensure Azure Machine Learning compute instances run on the latest available operating system. Security is improved and vulnerabilities reduced by running with the latest security patches. For more information, visit http://aka.ms/azureml-ci-updates/.",
      "Recommendation": "To update the OS image of an Azure Machine Learning Compute Instance, create a new compute instance. For more information, visit https://aka.ms/azureml-ci-updates.",
      "Tags": [
        "MachineLearningWorkspace",
        "Automated",
        "Baseline",
        "SI"
      ],
      "AssessmentProperties": {
        "AssessmentNames": [
          "ce998c5a-e92a-4893-bbdd-4e1c940363a3"
        ],
        "AssessmentStatusMappings": [
          {
            "AssessmentStatusCode": "NotApplicable",
            "EffectiveVerificationResult": "Failed",
            "AssessmentStatusCausePatterns": "(.)*OffByPolicy|Exempt(.)*",
            "AppendMessageToStatusReason": "Disabling or exempting the policy from getting evaluated is not recommended. The Control will be marked as Failed."
          }
        ],
        "ResourceDetails": {
          "HasExtendedResourceId": true,
          "ExtendedIdResourceTypes": [
            "microsoft.machinelearningservices/workspaces/computes"
          ],
          "UseExtendedResourceMetadata": false
        }
      },
      "ControlSettings": {
        "CoveredComputeTypes": [
          "ComputeInstance"
        ],
        "ExcludedMachineLearningKinds": [
          "Hub",
          "Project"
        ]
      },
      "Enabled": true,
      "CustomTags": [
        "Daily",
        "TBv11",
        "TenantBaseline",
        "MSD",
        "EDPreview",
        "SMTPreview",
        "SN:ML_ComputePatching",
        "AISec"
      ]
    },
    {
      "ControlID": "Azure_MachineLearningWorkspace_Audit_Enable_Diagnostics_Log",
      "Description": "Diagnostics logs must be enabled for Azure Machine Learning workspace",
      "Id": "MachineLearningWorkspace210",
      "ControlSeverity": "High",
      "Automated": "Yes",
      "ControlScanSource": "Reader",
      "MethodName": "CheckMachineLearningDiagnosticsSettings",
      "DisplayName": "Diagnostics logs must be enabled for Azure Machine Learning workspace",
      "Category": "Monitoring must be correctly configured",
      "ControlRequirements": "Monitoring and auditing must be enabled and correctly configured according to prescribed organizational guidance",
      "Rationale": "Logs should be retained for a long enough period so that activity trail can be recreated when investigations are required in the event of an incident or a compromise. A period of 1 year is typical for several compliance requirements as well.",
      "Recommendation": "You can create or update the diagnostic settings from the Azure Portal by following the steps given here: https://learn.microsoft.com/en-us/azure/azure-monitor/essentials/diagnostic-settings?tabs=portal#create-diagnostic-settings.",
      "Tags": [
        "MachineLearningWorkspace",
        "Automated",
        "Baseline",
        "Audit",
        "Diagnostics"
      ],
      "ControlEvaluationDetails": {
        "RequiredProperties": [
          "DiagnosticSettings"
        ]
      },
      "ControlSettings": {
        "ExcludedMachineLearningKinds": [
          "Hub",
          "Project",
          "FeatureStore"
        ],
        "DiagnosticForeverRetentionValue": "0",
        "DiagnosticMinRetentionPeriod": "365",
        "DiagnosticLogs": [
          "AmlComputeClusterEvent",
          "AmlComputeClusterNodeEvent",
          "AmlComputeJobEvent",
          "AmlComputeCpuGpuUtilization",
          "AmlRunStatusChangedEvent",
          "ModelsChangeEvent",
          "ModelsReadEvent",
          "ModelsActionEvent",
          "DeploymentReadEvent",
          "DeploymentEventACI",
          "DeploymentEventAKS",
          "InferencingOperationAKS",
          "InferencingOperationACI",
          "EnvironmentChangeEvent",
          "EnvironmentReadEvent",
          "DataLabelChangeEvent",
          "DataLabelReadEvent",
          "ComputeInstanceEvent",
          "DataStoreChangeEvent",
          "DataStoreReadEvent",
          "DataSetChangeEvent",
          "DataSetReadEvent",
          "PipelineChangeEvent",
          "PipelineReadEvent",
          "RunEvent",
          "RunReadEvent"
        ]
      },
      "Enabled": true,
      "CustomTags": [
        "Daily",
        "TBv11",
        "TenantBaseline",
        "MSD",
        "EDPreview",
        "SMTPreview",
        "SN:ML_Resourcelogs",
        "AISec"
      ]
    },
    {
      "ControlID": "Azure_MachineLearningWorkspace_Netsec_Configure_VNet",
      "Description": "Azure Machine Learning workspace compute services must be connected to a virtual network",
      "Id": "MachineLearningWorkspace220",
      "ControlSeverity": "High",
      "Automated": "Yes",
      "MethodName": "CheckConnectedComputeVnet",
      "Rationale": "Azure Virtual Networks provide enhanced security and isolation for your Azure Machine Learning Compute Clusters and Instances, as well as subnets, access control policies, and other features to further restrict access. When a compute is configured with a virtual network, it is not publicly addressable and can only be accessed from virtual machines and applications within the virtual network.",
      "Recommendation": "To configure virtual network on Azure Machine Learning Compute resources, create a new compute instance with attached virtual networks.",
      "DisplayName": "Azure Machine Learning workspace compute services must be connected to a virtual network",
      "Category": "Deploy controls to restrict network traffic",
      "ControlRequirements": "Restrict network traffic flows",
      "Tags": [
        "Automated",
        "NetSec",
        "Baseline",
        "MachineLearningWorkspace"
      ],
      "Enabled": true,
      "ControlScanSource": "MDCandReader",
      "ControlSettings": {
        "AllowedComputeType": [
          "ComputeInstance",
          "AmlCompute"
        ],
        "ExcludedMachineLearningKinds": [
          "Hub",
          "Project"
        ]
      },
      "AssessmentProperties": {
        "AssessmentNames": [
          "0b712179-f61f-4e80-9286-f7eed8f08a47"
        ],
        "AssessmentStatusMappings": [
          {
            "AssessmentStatusCode": "NotApplicable",
            "EffectiveVerificationResult": "Failed",
            "AssessmentStatusCausePatterns": "(.)*OffByPolicy|Exempt(.)*",
            "AppendMessageToStatusReason": "Disabling or exempting the policy from getting evaluated is not recommended. The Control will be marked as Failed."
          }
        ],
        "ResourceDetails": {
          "HasExtendedResourceId": true,
          "ExtendedIdResourceTypes": [
            "microsoft.machinelearningservices/workspaces/computes"
          ],
          "UseExtendedResourceMetadata": false
        }
      },
      "CustomTags": [
        "Daily",
        "TBv11",
        "TenantBaseline",
        "MSD",
        "EDPreview",
        "SMTPreview",
        "SN:ML_VNet"
      ]
    },
    {
      "ControlID": "Azure_AIFoundry_NetSec_Enable_NetworkIsolation",
      "Description": "Azure AI Foundry resources must be configured with Managed Network Isolation",
      "Id": "AIFoundry100",
      "ControlSeverity": "Medium",
      "Automated": "Yes",
      "MethodName": "CheckManagedNetworkIsolation",
      "Rationale": "Ensuring Managed Network Isolation for Azure AI Foundry resources enhances security by restricting access to only trusted networks, preventing unauthorized access",
      "Recommendation": "Configure Azure AI Foundry resources with Managed Network Isolation, Navigate to Azure AI Foundry Resource -> Under Settings, navigate to Networking, Workspace managed outbound access -> Select either Allow Internet Outbound or Allow Only Approved Outbound (most restrictive)",
      "DisplayName": "Azure AI Foundry resources must be configured with Managed Network Isolation",
      "Category": "Deploy controls to restrict network traffic",
      "ControlRequirements": "Restrict network traffic flows",
      "Tags": [
        "Automated",
        "NetSec",
        "AIFoundry",
        "Baseline"
      ],
      "Enabled": true,
      "ControlScanSource": "Reader",
      "ControlSettings": {
        "ExcludedMachineLearningKinds": [
          "Default",
          "FeatureStore",
          "Project"
        ]
      },
      "CustomTags": [
        "Daily",
        "TBv16",
        "SN:Foundry_EnableNetworkIsolation",
        "AISec",
        "TenantBaseline"
      ]
    },
    {
      "ControlID": "Azure_AIFoundry_NetSec_Disable_Public_Network_Access",
      "Description": "Public network access on Azure AI Foundry must be disabled or restricted",
      "Id": "AIFoundry120",
      "ControlSeverity": "High",
      "Automated": "Yes",
      "ControlScanSource": "Reader",
      "MethodName": "CheckPublicNetworkAccess",
      "DisplayName": "Public network access on Azure AI Foundry must be disabled or restricted",
      "Category": "Deploy controls to restrict network traffic",
      "ControlRequirements": "Restrict network traffic flows",
      "Rationale": "Enabling public network access on Azure AI Foundry exposes your resources to the public internet, increasing the risk of unauthorized access and potential data breaches",
      "Recommendation": "To remediate, restrict public network access on your Azure AI Foundry. Go to Azure Portal --> your Azure AI Foundry  --> Settings --> Networking --> Public access --> Public network access --> Choose either 'Disabled' or 'Enabled from selected IP addresses' --> Save",
      "Tags": [
        "Automated",
        "NetSec",
        "AIFoundry",
        "Baseline"
      ],
      "ControlSettings": {
        "ExcludedMachineLearningKinds": [
          "Default",
          "FeatureStore",
          "Project"
        ]
      },
      "Enabled": true,
      "CustomTags": [
        "Daily",
        "TBv16",
        "SN:Foundry_DisablePublicAccess",
        "AISec",
        "TenantBaseline"
      ]
    },
    {
      "ControlID": "Azure_MachineLearningWorkspace_NetSec_Restrict_Network_Access_OnlineEndPoints",
      "Description": "Public network access for online enpoints in Machine Learning Workspace must be disabled or restricted",
      "Id": "MachineLearningWorkspace230",
      "ControlSeverity": "High",
      "Automated": "Yes",
      "ControlScanSource": "Reader",
      "MethodName": "CheckPublicNetworkAccessForOnlineEndPoints",
      "DisplayName": "Public network access for online enpoints in Machine Learning Workspace must be disabled or restricted",
      "Category": "Deploy controls to restrict network traffic",
      "ControlRequirements": "Restrict network traffic flows",
      "Rationale": "When a endpoint is configured with a virtual network, it is not publicly addressable and can only be accessed from virtual machines and applications within the virtual network.",
      "Recommendation": "To remediate, restrict public network access for online endpoints settings on your Machine Learning Workspace. Go to Azure Portal --> your Machine Learning workspace --> Settings --> Public access --> Public network access --> Choose either 'Disabled' or Workspace should be with in a virtual network.",
      "Tags": [
        "MachineLearningWorkspace",
        "Automated",
        "NetSec"
      ],
      "ControlSettings": {
        "ExcludedMachineLearningKinds": [
          "Hub",
          "Project"
        ]
      },
      "Enabled": true,
      "CustomTags": [
        "Weekly",
        "AISec"
      ]
    },
    {
      "ControlID": "Azure_MachineLearningWorkspace_AuthN_Restrict_Key_Based_AuthType_OnlineEndPoints",
      "Description": "Key based authentication must not be used in online endpoint of Azure Machine Learning workspace",
      "Id": "MachineLearningWorkspace240",
      "ControlSeverity": "High",
      "Automated": "Yes",
      "ControlScanSource": "Reader",
      "MethodName": "CheckAuthTypeForOnlineEndPoints",
      "DisplayName": "Key based authentication must not be used in online endpoint of Azure Machine Learning workspace",
      "Category": "EnableSecureAuthentication",
      "ControlRequirements": "Authentication Type of Online endpoints should be secured",
      "Rationale": "Using key-based authentication, which relies on API keys, is less secure compared to token-based methods because API keys can be easily shared or exposed.",
      "Recommendation": "To remediate, Select Microsoft Entra token-based(Azure AD) option instead. Go to Azure Portal --> your Machine Learning workspace  --> Launch Studio --> Choose your workspace --> EndPoints --> Open an Endpoint --> Properties --> Authentication type --> Choose either 'Microsoft Entra token-based' or Azure ML token based --> Update",
      "Tags": [
        "MachineLearningWorkspace",
        "Automated",
        "Baseline"
      ],
      "ControlSettings": {
        "ExcludedMachineLearningKinds": [
          "Hub",
          "Project"
        ],
        "excludedAuthTypes": [
          "Key"
        ]
      },
      "Enabled": true,
      "CustomTags": [
        "Daily",
        "TBv16",
        "AISec",
        "SN:ML_Prevent_SharedKey_Authentication",
        "TenantBaseline"
      ]
    },
    {
      "ControlID": "Azure_AIFoundry_DP_Avoid_Plaintext_Secrets",
      "Description": "Azure AI Foundry Hub must not have secrets/credentials present in plain text",
      "Id": "AIFoundry110",
      "ControlSeverity": "High",
      "Automated": "Yes",
      "MethodName": "AvoidPlaintextSecretsAsync",
      "Rationale": "Using secrets as plaintext in pipelines either in the form of arguments or parameters makes these secrets visible to all readers of the workspace. Further when the published model/component is shared in a registry these secrets will be propagated there as well making it visible to all readers of the registry. Store secrets in a key vault and refer them in your pipelines accordingly.",
      "Recommendation": "1. Go the workspace in the machine learning studio. 2. Navigate to 'Pipelines' under 'Assets'. 3. Select the pipeline job containing the secrets. 4. Delete the pipeline containing the secret and rotate the found the secret. 5. Make changes in the source code to load the secret from a key vault.",
      "DisplayName": "Azure AI Foundry Hub must not have secrets/credentials present in plain text",
      "Category": "Secure Secrets Management and Credential Protection",
      "ControlRequirements": "Eliminating plain text credentials",
      "Tags": [
        "Automated",
        "AIFoundary",
        "Secrets",
        "DP",
        "Baseline"
      ],
      "Enabled": true,
      "ControlScanSource": "Reader",
      "ControlSettings": {
        "ExcludedDataStore": [ "datastores/azureml_globaldatasets" ],
        "AllowedCredentialType": [
          "None"
        ],
        "EvaluatedDataStoreType": [
          "AzureBlob"
        ],
        "ExcludedMachineLearningKinds": [
          "Default",
          "FeatureStore"
        ]
      },
      "CustomTags": [
        "Daily",
        "TBv16",
        "SN:Foundry_AvoidSecrets",
        "AISec",
        "TenantBaseline"
      ]
    },
    {
      "ControlID": "Azure_AIFoundry_NetSec_Use_Private_Endpoint",
      "Description": "Azure AI Foundry resources must use private endpoint",
      "Id": "AIFoundry150",
      "ControlSeverity": "Medium",
      "Automated": "Yes",
      "ControlScanSource": "Reader",
      "MethodName": "CheckPrivateLinkConnections",
      "DisplayName": "Azure AI Foundry resources must use private endpoint",
      "Category": "Deploy controls to restrict network traffic",
      "ControlRequirements": "Restrict network traffic flows",
      "Rationale": "Enabling Private Endpoint ensures that Azure AI Foundry Resources remain inaccessible from the public internet, reducing the risk of unauthorized access, data breaches, and potential data interception",
      "Recommendation": "To configure private endpoints in AI Foundry Resources, Navigate to Azure AI Foundry Resource -> Under Settings, navigate to Networking, Private endpoint connections -> Add Private endpoint instances. For more details, please refer: https://learn.microsoft.com/en-us/azure/ai-studio/how-to/configure-private-link",
      "Tags": [
        "AIFoundry",
        "Automated",
        "NetSec"
      ],
      "ControlSettings": {
        "ExcludedMachineLearningKinds": [
          "Default",
          "FeatureStore",
          "Project"
        ]
      },
      "Enabled": true,
      "CustomTags": [
        "Weekly",
        "AISec"
      ]
    },
    {
      "ControlID": "Azure_AIFoundry_Audit_Enable_Diagnostic_Settings",
      "Description": "Enable Security Logging in Azure AI Foundry Hub and Projects",
      "Id": "AIFoundry130",
      "ControlSeverity": "High",
      "Automated": "Yes",
      "MethodName": "CheckAIFoundryHubAndProjectDiagnosticsSettings",
      "DisplayName": "Enable Security Logging in Azure AI Foundry Hub and Projects",
      "Category": "Monitoring must be correctly configured",
      "ControlRequirements": "Monitoring and auditing must be enabled and correctly configured according to prescribed organizational guidance",
      "Rationale": "Logs should be retained for a long enough period so that activity trail can be recreated when investigations are required in the event of an incident or a compromise. A period of 1 year is typical for several compliance requirements as well.",
      "Recommendation": "You can create or update the diagnostic settings from the Azure Portal by following the steps given here: https://learn.microsoft.com/en-us/azure/azure-monitor/essentials/diagnostic-settings?tabs=portal#create-diagnostic-settings.",
      "Tags": [
        "AIFoundary",
        "Automated",
        "Baseline",
        "Audit",
        "Diagnostics"
      ],
      "ControlEvaluationDetails": {
        "RequiredProperties": [
          "DiagnosticSettings"
        ]
      },
      "ControlSettings": {
        "ExcludedMachineLearningKinds": [
          "Default",
          "FeatureStore"
        ],
        "DiagnosticForeverRetentionValue": "0",
        "DiagnosticMinRetentionPeriod": "365",
        "DiagnosticLogsForHub": [
          "ComputeInstanceEvent"
        ],
        "DiagnosticLogsForProject": [
          "AmlComputeClusterEvent",
          "AmlComputeClusterNodeEvent",
          "AmlComputeJobEvent",
          "AmlComputeCpuGpuUtilization",
          "AmlRunStatusChangedEvent",
          "ModelsChangeEvent",
          "ModelsReadEvent",
          "ModelsActionEvent",
          "DeploymentReadEvent",
          "DeploymentEventACI",
          "DeploymentEventAKS",
          "InferencingOperationAKS",
          "InferencingOperationACI",
          "EnvironmentChangeEvent",
          "EnvironmentReadEvent",
          "DataLabelChangeEvent",
          "DataLabelReadEvent",
          "DataSetChangeEvent",
          "DataSetReadEvent",
          "PipelineChangeEvent",
          "PipelineReadEvent",
          "RunEvent",
          "RunReadEvent"
        ]
      },
      "Enabled": true,
      "CustomTags": [
        "Daily",
        "TBv16",
        "SN:Foundry_Logging",
        "AISec",
        "TenantBaseline"
      ]
    },
    {
      "ControlID": "Azure_MachineLearningWorkspace_AuthN_Use_Managed_Service_Identity",
      "Description": "Managed Service Identity (MSI) must be used in Compute Instances of Azure Machine Learning Workspace.",
      "Id": "MachineLearningWorkspace250",
      "ControlSeverity": "Medium",
      "Automated": "Yes",
      "MethodName": "CheckComputeInstanceMsiEnabled",
      "Rationale": "Enabling managed identity for Azure Machine Learning workspace compute instances ensures secure and seamless access to Azure resources without the need to manage credentials. Managed identities eliminate the risk of credential leakage and simplify the management of secrets, enhancing the overall security posture of the workspace.",
      "Recommendation": "To remediate, enable Managed Service Identity in Compute Instances of Azure Machine Learning Workspace. Go to Azure Portal --> your Machine Learning workspace  --> Launch Studio --> Compute --> Open a Compute Instance --> Edit Managed Identity --> Toggle On `Assign a managed identity` --> Choose either 'System-assigned' or 'User-assigned' --> Update.",
      "DisplayName": "Managed Service Identity (MSI) must be used in Compute Instances of Azure Machine Learning Workspace.",
      "Category": "Identity and Access Management",
      "ControlRequirements": "Access to Azure resources must be managed using managed identities to eliminate the need for credentials and enhance security.",
      "Tags": [
        "Automated",
        "AuthN",
        "Baseline",
        "MachineLearningWorkspace"
      ],
      "Enabled": true,
      "ControlSettings": {
        "ExcludedMachineLearningKinds": [
          "Hub",
          "Project"
        ],
        "AllowedManagedIdentityTypes": [
          "SystemAssigned",
          "SystemAssigned,UserAssigned",
          "UserAssigned"
        ]
      },
      "CustomTags": [
        "Daily",
        "TBv16",
        "AISec",
        "SN:ML_EnableMSI",
        "TenantBaseline"
      ]
    },
    {
      "ControlID": "Azure_AIFoundry_NetSec_Use_Trusted_Connections",
      "Description": "AI Foundry resources must use the trusted connections",
      "Id": "AIFoundry170",
      "ControlSeverity": "Medium",
      "Automated": "Yes",
      "ControlScanSource": "Reader",
      "MethodName": "ValidateApprovedConnections",
      "DisplayName": "AI Foundry resources must use the trusted connections",
      "Category": "Deploy controls to restrict network traffic",
      "ControlRequirements": "Restrict Azure AI Foundry to accept trusted connections from trusted and explicitly approved endpoints, thereby strengthening network security and minimizing the risk of unauthorized access.",
      "Rationale": "Enforcing trusted connections in Azure AI Foundry enhances security by preventing unauthorized network access, reducing exposure to potential threats, and ensuring security compliance.",
      "Recommendation": "Configure Azure AI Foundry resources with Trusted Connections, Navigate to Azure AI Foundry Resource -> Under Overview, navigate to Launch AI Foundry Resource, Connected Resources -> Allow Trusted Connections. Refer - https://learn.microsoft.com/en-us/azure/ai-studio/how-to/connections-add",
      "Tags": [
        "Automated",
        "NetSec",
        "AIFoundry"
      ],
      "ControlEvaluationDetails": {
        "RequiredProperties": [
          "MLConnectionDetails"
        ]
      },
      "ControlSettings": {
        "ExcludedMachineLearningKinds": [
          "Default",
          "FeatureStore"
        ],
        // Both the lists are marked empty as the current Control Requirement mandates allowing all connections, these lists are added to give the capability to allow selective connections.
        "IncludedConnectionList": [],
        "ExcludedConnectionList": []
      },
      "Enabled": true,
      "CustomTags": [
        "Weekly",
        "AISec"
      ]
    },
    {
      "ControlID": "Azure_MachineLearningWorkspace_NetSec_Use_Trusted_Connections",
      "Description": "Machine Learning Workspaces must use the trusted connections",
      "Id": "MachineLearningWorkspace270",
      "ControlSeverity": "Medium",
      "Automated": "Yes",
      "ControlScanSource": "Reader",
      "MethodName": "ValidateApprovedConnections",
      "DisplayName": "Machine Learning Workspaces must use the trusted connections",
      "Category": "Deploy controls to restrict network traffic",
      "ControlRequirements": "Restrict Machine Learning Workspaces to accept trusted connections from trusted and explicitly approved endpoints, thereby strengthening network security and minimizing the risk of unauthorized access.",
      "Rationale": "Enforcing trusted connections in Machine Learning Workspaces enhances security by preventing unauthorized network access, reducing exposure to potential threats, and ensuring security compliance.",
      "Recommendation": "Configure Machine learning workspace with Trusted Connections, Navigate to Machine Learning Workspace -> Under Overview, navigate to Launch Studio, Under Manage -> navigate to Connections -> Allow Trusted Connections.",
      "Tags": [
        "Automated",
        "NetSec",
        "MachineLearningWorkspace"
      ],
      "ControlEvaluationDetails": {
        "RequiredProperties": [
          "MLConnectionDetails"
        ]
      },
      "ControlSettings": {
        "ExcludedMachineLearningKinds": [
          "Hub",
          "Project"
        ],
        // Both the lists are marked empty as the current Control Requirement mandates allowing all connections, these lists are added to give the capability to allow selective connections.
        "IncludedConnectionList": [],
        "ExcludedConnectionList": []
      },
      "Enabled": true,
      "CustomTags": [
        "Weekly",
        "AISec"
      ]
    },
    {
      "ControlID": "Azure_MachineLearningWorkspace_NetSec_Use_Private_Endpoint",
      "Description": "Azure Machine Learning workspaces must use private endpoint",
      "Id": "MachineLearningWorkspace170",
      "ControlSeverity": "High",
      "Automated": "Yes",
      "DisplayName": "Azure Machine Learning workspaces must use private endpoint",
      "MethodName": "CheckPrivateLinkConnections",
      "Category": "Deploy controls to restrict network traffic",
      "ControlRequirements": "Restrict network traffic flows",
      "Rationale": "Enabling Private Endpoint ensures that Azure Machine Learning Resources remain inaccessible from the public internet, reducing the risk of unauthorized access, data breaches, and potential data interception",
      "Recommendation": "To configure private endpoint in Azure Machine Learning Workspace, please refer: https://learn.microsoft.com/en-us/azure/machine-learning/how-to-configure-private-link?tabs=azure-portal",
      "Tags": [
        "MachineLearningWorkspace",
        "Automated",
        "NetSec"
      ],
      "ControlSettings": {
        "ExcludedMachineLearningKinds": [
          "Hub",
          "Project"
        ]
      },
      "Enabled": true,
      "CustomTags": [
        "Weekly",
        "AISec"
      ]
    },
    {
      "ControlID": "Azure_MachineLearningWorkspace_DP_Enable_Encryption_With_Customer_Managed_Keys",
      "Description": "Azure Machine Learning workspaces should be encrypted with a customer-managed key",
      "Id": "MachineLearningWorkspace260",
      "ControlSeverity": "Medium",
      "Automated": "Yes",
      "MethodName": "CheckForCMKEncryption",
      "ControlScanSource": "MDCandReader",
      "ControlSettings": {
        "ExcludedMachineLearningKinds": [
          "Hub",
          "Project"
        ]
      },
      "DisplayName": "Azure Machine Learning workspaces should be encrypted with a customer-managed key",
      "Category": "Encrypt data in transit",
      "ControlRequirements": "Data must be encrypted in transit and at rest",
      "Rationale": "Data Encryption ensures that sensitive data is stored encrypted at rest. This minimizes the risk of data loss from physical theft and also helps meet regulatory compliance requirements. And by using a customer-managed key, you can supplement default encryption with an additional encryption layer.",
      "Recommendation": "To use customer managed keys in Azure Machine Learning Worskpace, please refer: https://learn.microsoft.com/en-us/azure/machine-learning/how-to-setup-customer-managed-keys",
      "Tags": [
        "MachineLearningWorkspace",
        "Automated",
        "Baseline",
        "DP"
      ],
      "AssessmentProperties": {
        "AssessmentNames": [
          "bbd14f11-6228-4588-82a4-517b8d77b23f"
        ],
        "AssessmentStatusMappings": [
          {
            "AssessmentStatusCode": "NotApplicable",
            "EffectiveVerificationResult": "Failed",
            "AssessmentStatusCausePatterns": "(.)*OffByPolicy|Exempt(.)*",
            "AppendMessageToStatusReason": "Disabling or exempting the policy from getting evaluated is not recommended. The Control will be marked as Failed."
          }
        ]
      },
      "Enabled": true,
      "CustomTags": [
        "Weekly",
        "AISec"
      ]
    },
    {
      "ControlID": "Azure_AIFoundry_DP_Enable_Encryption_With_Customer_Managed_Keys",
      "Description": "Azure AI Foundry Hub should be encrypted with a customer-managed key",
      "Id": "AIFoundry140",
      "ControlSeverity": "Medium",
      "Automated": "Yes",
      "MethodName": "CheckForCMKEncryption",
      "ControlScanSource": "MDCandReader",
      "ControlSettings": {
        "ExcludedMachineLearningKinds": [
          "Default",
          "Project",
          "FeatureStore"
        ]
      },
      "DisplayName": "Azure AI Foundry Hub should be encrypted with a customer-managed key",
      "Category": "Encrypt data in transit",
      "ControlRequirements": "Data must be encrypted in transit and at rest",
      "Rationale": "Data Encryption ensures that sensitive data is stored encrypted at rest. This minimizes the risk of data loss from physical theft and also helps meet regulatory compliance requirements. And by using a customer-managed key, you can supplement default encryption with an additional encryption layer.",
      "Recommendation": "To use customer managed keys in Azure AI Foundry, please refer: https://learn.microsoft.com/en-us/azure/ai-studio/concepts/encryption-keys-portal#enable-customer-managed-keys",
      "Tags": [
        "AIFoundary",
        "Automated",
        "Baseline",
        "DP"
      ],
      "AssessmentProperties": {
        "AssessmentNames": [
          "bbd14f11-6228-4588-82a4-517b8d77b23f"
        ],
        "AssessmentStatusMappings": [
          {
            "AssessmentStatusCode": "NotApplicable",
            "EffectiveVerificationResult": "Failed",
            "AssessmentStatusCausePatterns": "(.)*OffByPolicy|Exempt(.)*",
            "AppendMessageToStatusReason": "Disabling or exempting the policy from getting evaluated is not recommended. The Control will be marked as Failed."
          }
        ]
      },
      "Enabled": true,
      "CustomTags": [
        "Weekly",
        "AISec"
      ]
    },
    {
      "ControlID": "Azure_AIFoundry_AuthN_Use_Managed_Service_Identity",
      "Description": "Managed Service Identity (MSI) must be used in Compute Instances of Azure AI Foundry",
      "Id": "AIFoundry160",
      "ControlSeverity": "Medium",
      "Automated": "Yes",
      "MethodName": "CheckComputeInstanceMsiEnabled",
      "Rationale": "Enabling managed identity for Azure AI Foundry compute instances ensures secure and seamless access to Azure resources without the need to manage credentials. Managed identities eliminate the risk of credential leakage and simplify the management of secrets, enhancing the overall security posture of the workspace.",
      "Recommendation": "To remediate, enable Managed Service Identity in Compute Instances of Azure AI Foundry. Go to Azure Portal --> your AI Foundry resource  --> Launch Studio --> Management center --> Compute --> Open a Compute Instance --> Edit Managed Identity --> Toggle On `Assign a managed identity` --> Choose either 'System-assigned' or 'User-assigned' --> Update.",
      "DisplayName": "Managed Service Identity (MSI) must be used in Compute Instances of Azure AI Foundry",
      "Category": "Identity and Access Management",
      "ControlRequirements": "Access to Azure resources must be managed using managed identities to eliminate the need for credentials and enhance security.",
      "Tags": [
        "Automated",
        "AuthN",
        "Baseline",
        "AIFoundry"
      ],
      "Enabled": true,
      "ControlSettings": {
        "ExcludedMachineLearningKinds": [
          "Default",
          "FeatureStore"
        ],
        "AllowedManagedIdentityTypes": [
          "SystemAssigned",
          "SystemAssigned,UserAssigned",
          "UserAssigned"
        ]
      },
      "CustomTags": [
        "Weekly",
        "AISec"
      ]
    },
    {
      "ControlID": "Azure_MachineLearningWorkspace_DP_ServerlessAPI_Enable_ContentSafety",
      "Description": "Content Safety should be enabled for serverless API endpoints in Azure Machine Learning workspace",
      "Id": "MachineLearningWorkspace180",
      "ControlSeverity": "Medium",
      "Automated": "Yes",
      "MethodName": "ValidateEndpointContentSafety",
      "DisplayName": "Content Safety should be enabled for serverless API endpoints in Azure Machine Learning workspace",
      "Category": "Encrypt data in transit",
      "ControlRequirements": "Ensure content safety is Enabled",
      "Rationale": "You may be a higher risk of exposing users to harmful content if you deploy without content filtering. This can lead to reputational damage, legal issues, and non-compliance with regulatory standards.",
      "Recommendation": "To configure content safety settings in Azure Machine Learning workspace -> Launch Azure Machine Learning workspace -> Endpoints -> serverless endpoints -> Under Settings, navigate to Content Safety -> Configure content safety status and level. For more details, please refer: https://learn.microsoft.com/en-us/azure/machine-learning/how-to-deploy-models-serverless",
      "Tags": [
        "MachineLearningWorkspace",
        "Automated",
        "DP"
      ],
      "ControlSettings": {
        "ExcludedMachineLearningKinds": [
          "Hub",
          "Project"
        ],
        "Status": "Enabled"
      },
      "Enabled": true,
      "CustomTags": [
        "ContentSafety",
        "Weekly"
      ]
    },
    {
      "ControlID": "Azure_AIFoundry_DP_ServerlessAPI_Enable_ContentSafety",
      "Description": "Content Safety should be configured for serverless API endpoints in Azure AI Foundry",
      "Id": "AIFoundry180",
      "ControlSeverity": "Medium",
      "Automated": "Yes",
      "MethodName": "ValidateEndpointContentSafety",
      "DisplayName": "Content Safety should be configured for serverless API endpoints in Azure AI Foundry",
      "Category": "Encrypt data in transit",
      "ControlRequirements": "Ensure content safety is enabled",
      "Rationale": "You may be a higher risk of exposing users to harmful content if you deploy without content filtering. This can lead to reputational damage, legal issues, and non-compliance with regulatory standards.",
      "Recommendation": "To configure content safety settings in Azure AI Foundry -> Launch Azure AI Foundry Project -> Endpoints -> serverless endpoints -> Under Settings, navigate to Content Safety -> Configure content safety status and level. For more details, please refer: https://learn.microsoft.com/en-us/azure/ai-foundry/how-to/deploy-models-serverless?tabs=azure-ai-studio",
      "Tags": [
        "AIFoundry",
        "Automated",
        "DP"
      ],
      "ControlSettings": {
        "ExcludedMachineLearningKinds": [
          "Default",
          "Hub",
          "FeatureStore"
        ],
        "Status": "Enabled"
      },
      "Enabled": true,
      "CustomTags": [
        "ContentSafety",
        "Weekly"
      ]
    }
  ]
}