{
  "FeatureName": "ManagedIdentity",
  "Reference": "",
  "IsMaintenanceMode": false,
  "Controls": [
    {
      "ControlId": "Azure_ManagedIdentity_AuthN_FederatedCredential_Trial",
      "Description": "[Trial] Federated identity credentials for user-assigned managed identities must use approved issuer URLs",
      "DisplayName": "[Trial] Federated identity credentials for user-assigned managed identities must use approved issuer URLs",
      "ControlSeverity": "High",
      "Automated": "Yes",
      "Category": "Authentication must be enabled on all user accounts and services",
      "ControlRequirements": "Access to data, networks, services, utilities, tools, and applications must be controlled by authentication and authorization mechanisms",
      "Enabled": true,
      "Tags": [ "Automated" ],
      "CustomTags": [ "Daily" ],
      "ControlScanSource": "Reader",
      "MethodName": "CheckFederatedCredentialIssuers",
      "ControlSettings": {
        "UseRegexMatching": false,
        "AllowFallbackIssuers": false,
        "FailIfAnyFicInvalid": false
      },
      "Id": "ManagedIdentity100"
    }
  ]
}