{{
    "subscriptions": {0},
    "managementGroups": null,
    "query": "securityresources | where type =~ 'microsoft.security/assessments/subassessments'| extend assessmentKey=extract(@'(?i)providers/Microsoft.Security/assessments/([^/]*)', 1, id),parentResourceId= extract('(.+)/providers/Microsoft.Security',1,id)| where assessmentKey =~ 'e1145ab1-eb4f-43d8-911b-36ddf771d13f' | project id,SubscriptionId = subscriptionId, OrgTenantId = tenantId, Name = name, Type = type, AssessmentKey = assessmentKey, SubAssessmentId = tostring(properties.SubAssessmentId), ParentResourceId = parentResourceId, ResourceId = tostring(properties.resourceDetails.id), DisplayName = tostring(properties.displayName), Description = tostring(properties.description), Remediation = tostring(properties.remediation), Category = tostring(properties.category), Impact = tostring(properties.impact), StatusCode = tostring(properties.status.code), StatusCause = tostring(properties.status.cause), StatusSeverity = tostring(properties.status.severity), StatusDescription = tostring(properties.status.description), AdditionalData = tostring(properties.additionalData)",
    "options": {{
        "$skipToken": "",
        "$top": null,
        "$skip": null,
        "resultFormat": "objectArray",
        "allowPartialScopes": null
    }},
    "facets": null
}}