{
  "FeatureName": "KustoClusters",
  "Reference": "",
  "IsMaintenanceMode": false,
  "Controls": [
    {
      "ControlID": "Azure_ADX_AuthN_Restrict_Cross_Tenant_Access_Trial",
      "Description": "[Trial] Cross-tenant access for Azure Data Explorer clusters must be restricted to approved tenants",
      "DisplayName": "[Trial] Cross-tenant access for Azure Data Explorer clusters must be restricted to approved tenants",
      "ControlSeverity": "High",
      "Automated": "Yes",
      "Category": "Authentication must be enabled on all user accounts and services",
      "ControlRequirements": "Multi-tenant authentication must be restricted to approved tenants only",
      "Enabled": true,
      "Tags": [
        "Automated",
        "AuthN",
        "ADX",
        "Baseline"
      ],
      "CustomTags": [ "Daily" ],
      "ControlScanSource": "Reader",
      "MethodName": "CheckCrossTenantAccess",
      "Rationale": "Allowing unrestricted cross-tenant access can expose data to unauthorized external tenants. Restricting access to approved tenants only helps prevent data exfiltration and ensures that only trusted organizations can query the cluster.",
      "Recommendation": "Configure trustedExternalTenants to include only approved tenant GUIDs, or leave it empty to restrict access to the cluster's home tenant only. Avoid using the wildcard '*' which allows all tenants.",
      "ControlSettings": {
        "DefaultConfiguration": {
          "AuditMode": true,
          "ApprovedTenants": []
        },
        "TenantConfigurations": {}
      },
      "Id": "KustoClusters100"
    }
  ]
}